shipname|shipaddress|shipcity|shipregion|shippostalcode|shipcountry|customerid|customername|address|city|region|postalcode|country|salesperson|orderid|orderdate|requireddate|shippeddate|shippername|productid|productname|unitprice|quantity|discount|extendedprice|freight,,
"Tortuga Restaurante|Avda. Azteca 123|Mxico D.F.||""5033""|Mexico|TORTU|Tortuga Restaurante|Avda. Azteca 123|Mxico D.F.||""05033""|Mexico|0.0|10293|""1996-08-29 00:00:00""|""1996-09-26 00:00:00""|""1996-09-11 00:00:00""|Federal Shipping|18|Carnarvon Tigers|50.0000|12|0.0|600.0|21.1800",,
"Tortuga Restaurante|Avda. Azteca 123|Mxico D.F.||""5033""|Mexico|TORTU|Tortuga Restaurante|Avda. Azteca 123|Mxico D.F.||""05033""|Mexico|0.0|10293|""1996-08-29 00:00:00""|""1996-09-26 00:00:00""|""1996-09-11 00:00:00""|Federal Shipping|24|Guaran Fantstica|3.6000|10|0.0|36.0|21.1800",,
"Tortuga Restaurante|Avda. Azteca 123|Mxico D.F.||""5033""|Mexico|TORTU|Tortuga Restaurante|Avda. Azteca 123|Mxico D.F.||""05033""|Mexico|0.0|10293|""1996-08-29 00:00:00""|""1996-09-26 00:00:00""|""1996-09-11 00:00:00""|Federal Shipping|63|Vegie-spread|35.1000|5|0.0|175.0|21.1800",,
"Tortuga Restaurante|Avda. Azteca 123|Mxico D.F.||""5033""|Mexico|TORTU|Tortuga Restaurante|Avda. Azteca 123|Mxico D.F.||""05033""|Mexico|0.0|10293|""1996-08-29 00:00:00""|""1996-09-26 00:00:00""|""1996-09-11 00:00:00""|Federal Shipping|75|Rhnbru Klosterbier|6.2000|6|0.0|37.0|21.1800",,
Romero y tomillo|Gran Va," 1|Madrid||""28001""|Spain|ROMEY|Romero y tomillo|Gran Va"," 1|Madrid||""28001""|Spain|0.0|10306|""1996-09-16 00:00:00""|""1996-10-14 00:00:00""|""1996-09-23 00:00:00""|Federal Shipping|30|Nord-Ost Matjeshering|20.7000|10|0.0|207.0|7.5600"
Romero y tomillo|Gran Va," 1|Madrid||""28001""|Spain|ROMEY|Romero y tomillo|Gran Va"," 1|Madrid||""28001""|Spain|0.0|10306|""1996-09-16 00:00:00""|""1996-10-14 00:00:00""|""1996-09-23 00:00:00""|Federal Shipping|53|Perth Pasties|26.2000|10|0.0|262.0|7.5600"
Romero y tomillo|Gran Va," 1|Madrid||""28001""|Spain|ROMEY|Romero y tomillo|Gran Va"," 1|Madrid||""28001""|Spain|0.0|10306|""1996-09-16 00:00:00""|""1996-10-14 00:00:00""|""1996-09-23 00:00:00""|Federal Shipping|54|Tourtire|5.9000|5|0.0|29.0|7.5600"
"Du monde entier|""67"," rue des Cinquante Otages""|Nantes||""44000""|France|DUMON|Du monde entier|""67"," rue des Cinquante Otages""|Nantes||""44000""|France|0.0|10311|""1996-09-20 00:00:00""|""1996-10-04 00:00:00""|""1996-09-26 00:00:00""|Federal Shipping|42|Singaporean Hokkien Fried Mee|11.2000|6|0.0|67.0|24.6900"
"Du monde entier|""67"," rue des Cinquante Otages""|Nantes||""44000""|France|DUMON|Du monde entier|""67"," rue des Cinquante Otages""|Nantes||""44000""|France|0.0|10311|""1996-09-20 00:00:00""|""1996-10-04 00:00:00""|""1996-09-26 00:00:00""|Federal Shipping|69|Gudbrandsdalsost|28.8000|7|0.0|201.0|24.6900"
"Rattlesnake Canyon Grocery|""2817 Milton Dr.""|Albuquerque|NM|""87110""|USA|RATTC|Rattlesnake Canyon Grocery|""2817 Milton Dr.""|Albuquerque|NM|""87110""|USA|0.0|10316|""1996-09-27 00:00:00""|""1996-10-25 00:00:00""|""1996-10-08 00:00:00""|Federal Shipping|41|Jack's New England Clam Chowder|7.7000|10|0.0|77.0|150.1500",,
"Rattlesnake Canyon Grocery|""2817 Milton Dr.""|Albuquerque|NM|""87110""|USA|RATTC|Rattlesnake Canyon Grocery|""2817 Milton Dr.""|Albuquerque|NM|""87110""|USA|0.0|10316|""1996-09-27 00:00:00""|""1996-10-25 00:00:00""|""1996-10-08 00:00:00""|Federal Shipping|62|Tarte au sucre|39.4000|70|0.0|2758.0|150.1500",,
"Kniglich Essen|Maubelstr. 90|Brandenburg||""14776""|Germany|KOENE|Kniglich Essen|Maubelstr. 90|Brandenburg||""14776""|Germany|0.0|10325|""1996-10-09 00:00:00""|""1996-10-23 00:00:00""|""1996-10-14 00:00:00""|Federal Shipping|6|Grandma's Boysenberry Spread|20.0000|6|0.0|120.0|64.8600",,
"Kniglich Essen|Maubelstr. 90|Brandenburg||""14776""|Germany|KOENE|Kniglich Essen|Maubelstr. 90|Brandenburg||""14776""|Germany|0.0|10325|""1996-10-09 00:00:00""|""1996-10-23 00:00:00""|""1996-10-14 00:00:00""|Federal Shipping|13|Konbu|4.8000|12|0.0|57.0|64.8600",,
"Kniglich Essen|Maubelstr. 90|Brandenburg||""14776""|Germany|KOENE|Kniglich Essen|Maubelstr. 90|Brandenburg||""14776""|Germany|0.0|10325|""1996-10-09 00:00:00""|""1996-10-23 00:00:00""|""1996-10-14 00:00:00""|Federal Shipping|14|Tofu|18.6000|9|0.0|167.0|64.8600",,
"Kniglich Essen|Maubelstr. 90|Brandenburg||""14776""|Germany|KOENE|Kniglich Essen|Maubelstr. 90|Brandenburg||""14776""|Germany|0.0|10325|""1996-10-09 00:00:00""|""1996-10-23 00:00:00""|""1996-10-14 00:00:00""|Federal Shipping|31|Gorgonzola Telino|10.0000|4|0.0|40.0|64.8600",,
"Kniglich Essen|Maubelstr. 90|Brandenburg||""14776""|Germany|KOENE|Kniglich Essen|Maubelstr. 90|Brandenburg||""14776""|Germany|0.0|10325|""1996-10-09 00:00:00""|""1996-10-23 00:00:00""|""1996-10-14 00:00:00""|Federal Shipping|72|Mozzarella di Giovanni|27.8000|40|0.0|1112.0|64.8600",,
"Bon app-|""12"," rue des Bouchers""|Marseille||""13008""|France|BONAP|Bon app'|""12"," rue des Bouchers""|Marseille||""13008""|France|0.0|10340|""1996-10-29 00:00:00""|""1996-11-26 00:00:00""|""1996-11-08 00:00:00""|Federal Shipping|18|Carnarvon Tigers|50.0000|20|0.0|1000.0|166.3100"
"Bon app-|""12"," rue des Bouchers""|Marseille||""13008""|France|BONAP|Bon app'|""12"," rue des Bouchers""|Marseille||""13008""|France|0.0|10340|""1996-10-29 00:00:00""|""1996-11-26 00:00:00""|""1996-11-08 00:00:00""|Federal Shipping|41|Jack's New England Clam Chowder|7.7000|12|0.0|92.0|166.3100"
"Bon app-|""12"," rue des Bouchers""|Marseille||""13008""|France|BONAP|Bon app'|""12"," rue des Bouchers""|Marseille||""13008""|France|0.0|10340|""1996-10-29 00:00:00""|""1996-11-26 00:00:00""|""1996-11-08 00:00:00""|Federal Shipping|43|Ipoh Coffee|36.8000|40|0.0|1472.0|166.3100"
"LILA-Supermercado|Carrera 52 con Ave. Bolvar #65-98 Llano Largo|Barquisimeto|Lara|""3508""|Venezuela|LILAS|LILA-Supermercado|Carrera 52 con Ave. Bolvar #65-98 Llano Largo|Barquisimeto|Lara|""3508""|Venezuela|0.0|10357|""1996-11-19 00:00:00""|""1996-12-17 00:00:00""|""1996-12-02 00:00:00""|Federal Shipping|10|Ikura|24.8000|30|0.0|744.0|34.8800",,
"LILA-Supermercado|Carrera 52 con Ave. Bolvar #65-98 Llano Largo|Barquisimeto|Lara|""3508""|Venezuela|LILAS|LILA-Supermercado|Carrera 52 con Ave. Bolvar #65-98 Llano Largo|Barquisimeto|Lara|""3508""|Venezuela|0.0|10357|""1996-11-19 00:00:00""|""1996-12-17 00:00:00""|""1996-12-02 00:00:00""|Federal Shipping|26|Gumbr Gummibrchen|24.9000|16|0.0|398.0|34.8800",,
"LILA-Supermercado|Carrera 52 con Ave. Bolvar #65-98 Llano Largo|Barquisimeto|Lara|""3508""|Venezuela|LILAS|LILA-Supermercado|Carrera 52 con Ave. Bolvar #65-98 Llano Largo|Barquisimeto|Lara|""3508""|Venezuela|0.0|10357|""1996-11-19 00:00:00""|""1996-12-17 00:00:00""|""1996-12-02 00:00:00""|Federal Shipping|60|Camembert Pierrot|27.2000|8|0.0|217.0|34.8800",,
"Wolski Zajazd|ul. Filtrowa 68|Warszawa||""01-012""|Poland|WOLZA|Wolski  Zajazd|ul. Filtrowa 68|Warszawa||""01-012""|Poland|0.0|10374|""1996-12-05 00:00:00""|""1997-01-02 00:00:00""|""1996-12-09 00:00:00""|Federal Shipping|31|Gorgonzola Telino|10.0000|30|0.0|300.0|3.9400",,
"Wolski Zajazd|ul. Filtrowa 68|Warszawa||""01-012""|Poland|WOLZA|Wolski  Zajazd|ul. Filtrowa 68|Warszawa||""01-012""|Poland|0.0|10374|""1996-12-05 00:00:00""|""1997-01-02 00:00:00""|""1996-12-09 00:00:00""|Federal Shipping|58|Escargots de Bourgogne|10.6000|15|0.0|159.0|3.9400",,
"Seven Seas Imports|""90 Wadhurst Rd.""|London||OX15 4NB|UK|SEVES|Seven Seas Imports|""90 Wadhurst Rd.""|London||OX15 4NB|UK|0.0|10377|""1996-12-09 00:00:00""|""1997-01-06 00:00:00""|""1996-12-13 00:00:00""|Federal Shipping|28|Rssle Sauerkraut|36.4000|20|0.0|728.0|22.2100",,
"Seven Seas Imports|""90 Wadhurst Rd.""|London||OX15 4NB|UK|SEVES|Seven Seas Imports|""90 Wadhurst Rd.""|London||OX15 4NB|UK|0.0|10377|""1996-12-09 00:00:00""|""1997-01-06 00:00:00""|""1996-12-13 00:00:00""|Federal Shipping|39|Chartreuse verte|14.4000|20|0.0|288.0|22.2100",,
"Save-a-lot Markets|""187 Suffolk Ln.""|Boise|ID|""83720""|USA|SAVEA|Save-a-lot Markets|""187 Suffolk Ln.""|Boise|ID|""83720""|USA|0.0|10393|""1996-12-25 00:00:00""|""1997-01-22 00:00:00""|""1997-01-03 00:00:00""|Federal Shipping|2|Chang|15.2000|25|0.0|380.0|126.5600",,
"Save-a-lot Markets|""187 Suffolk Ln.""|Boise|ID|""83720""|USA|SAVEA|Save-a-lot Markets|""187 Suffolk Ln.""|Boise|ID|""83720""|USA|0.0|10393|""1996-12-25 00:00:00""|""1997-01-22 00:00:00""|""1997-01-03 00:00:00""|Federal Shipping|14|Tofu|18.6000|42|0.0|781.0|126.5600",,
"Save-a-lot Markets|""187 Suffolk Ln.""|Boise|ID|""83720""|USA|SAVEA|Save-a-lot Markets|""187 Suffolk Ln.""|Boise|ID|""83720""|USA|0.0|10393|""1996-12-25 00:00:00""|""1997-01-22 00:00:00""|""1997-01-03 00:00:00""|Federal Shipping|25|NuNuCa Nu-Nougat-Creme|11.2000|7|0.0|78.0|126.5600",,
"Save-a-lot Markets|""187 Suffolk Ln.""|Boise|ID|""83720""|USA|SAVEA|Save-a-lot Markets|""187 Suffolk Ln.""|Boise|ID|""83720""|USA|0.0|10393|""1996-12-25 00:00:00""|""1997-01-22 00:00:00""|""1997-01-03 00:00:00""|Federal Shipping|26|Gumbr Gummibrchen|24.9000|70|0.0|1743.0|126.5600",,
"Save-a-lot Markets|""187 Suffolk Ln.""|Boise|ID|""83720""|USA|SAVEA|Save-a-lot Markets|""187 Suffolk Ln.""|Boise|ID|""83720""|USA|0.0|10393|""1996-12-25 00:00:00""|""1997-01-22 00:00:00""|""1997-01-03 00:00:00""|Federal Shipping|31|Gorgonzola Telino|10.0000|32|0.0|320.0|126.5600",,
"Hungry Coyote Import Store|City Center Plaza 516 Main St.|Elgin|OR|""97827""|USA|HUNGC|Hungry Coyote Import Store|City Center Plaza 516 Main St.|Elgin|OR|""97827""|USA|0.0|10394|""1996-12-25 00:00:00""|""1997-01-22 00:00:00""|""1997-01-03 00:00:00""|Federal Shipping|13|Konbu|4.8000|10|0.0|48.0|30.3400",,
"Hungry Coyote Import Store|City Center Plaza 516 Main St.|Elgin|OR|""97827""|USA|HUNGC|Hungry Coyote Import Store|City Center Plaza 516 Main St.|Elgin|OR|""97827""|USA|0.0|10394|""1996-12-25 00:00:00""|""1997-01-22 00:00:00""|""1997-01-03 00:00:00""|Federal Shipping|62|Tarte au sucre|39.4000|10|0.0|394.0|30.3400",,
"Frankenversand|Berliner Platz 43|Mnchen||""80805""|Germany|FRANK|Frankenversand|Berliner Platz 43|Mnchen||""80805""|Germany|0.0|10396|""1996-12-27 00:00:00""|""1997-01-10 00:00:00""|""1997-01-06 00:00:00""|Federal Shipping|23|Tunnbrd|7.2000|40|0.0|288.0|135.3500",,
"Frankenversand|Berliner Platz 43|Mnchen||""80805""|Germany|FRANK|Frankenversand|Berliner Platz 43|Mnchen||""80805""|Germany|0.0|10396|""1996-12-27 00:00:00""|""1997-01-10 00:00:00""|""1997-01-06 00:00:00""|Federal Shipping|71|Flotemysost|17.2000|60|0.0|1032.0|135.3500",,
"Frankenversand|Berliner Platz 43|Mnchen||""80805""|Germany|FRANK|Frankenversand|Berliner Platz 43|Mnchen||""80805""|Germany|0.0|10396|""1996-12-27 00:00:00""|""1997-01-10 00:00:00""|""1997-01-06 00:00:00""|Federal Shipping|72|Mozzarella di Giovanni|27.8000|21|0.0|583.0|135.3500",,
"Eastern Connection|""35 King George""|London||WX3 6FW|UK|EASTC|Eastern Connection|""35 King George""|London||WX3 6FW|UK|0.0|10400|""1997-01-01 00:00:00""|""1997-01-29 00:00:00""|""1997-01-16 00:00:00""|Federal Shipping|29|Thringer Rostbratwurst|99.0000|21|0.0|2079.0|83.9300",,
"Eastern Connection|""35 King George""|London||WX3 6FW|UK|EASTC|Eastern Connection|""35 King George""|London||WX3 6FW|UK|0.0|10400|""1997-01-01 00:00:00""|""1997-01-29 00:00:00""|""1997-01-16 00:00:00""|Federal Shipping|35|Steeleye Stout|14.4000|35|0.0|504.0|83.9300",,
"Eastern Connection|""35 King George""|London||WX3 6FW|UK|EASTC|Eastern Connection|""35 King George""|London||WX3 6FW|UK|0.0|10400|""1997-01-01 00:00:00""|""1997-01-29 00:00:00""|""1997-01-16 00:00:00""|Federal Shipping|49|Maxilaku|16.0000|30|0.0|480.0|83.9300",,
"LILA-Supermercado|Carrera 52 con Ave. Bolvar #65-98 Llano Largo|Barquisimeto|Lara|""3508""|Venezuela|LILAS|LILA-Supermercado|Carrera 52 con Ave. Bolvar #65-98 Llano Largo|Barquisimeto|Lara|""3508""|Venezuela|0.0|10461|""1997-02-28 00:00:00""|""1997-03-28 00:00:00""|""1997-03-05 00:00:00""|Federal Shipping|21|Sir Rodney's Scones|8.0000|40|0.0|320.0|148.6100",,
"LILA-Supermercado|Carrera 52 con Ave. Bolvar #65-98 Llano Largo|Barquisimeto|Lara|""3508""|Venezuela|LILAS|LILA-Supermercado|Carrera 52 con Ave. Bolvar #65-98 Llano Largo|Barquisimeto|Lara|""3508""|Venezuela|0.0|10461|""1997-02-28 00:00:00""|""1997-03-28 00:00:00""|""1997-03-05 00:00:00""|Federal Shipping|30|Nord-Ost Matjeshering|20.7000|28|0.0|579.0|148.6100",,
"LILA-Supermercado|Carrera 52 con Ave. Bolvar #65-98 Llano Largo|Barquisimeto|Lara|""3508""|Venezuela|LILAS|LILA-Supermercado|Carrera 52 con Ave. Bolvar #65-98 Llano Largo|Barquisimeto|Lara|""3508""|Venezuela|0.0|10461|""1997-02-28 00:00:00""|""1997-03-28 00:00:00""|""1997-03-05 00:00:00""|Federal Shipping|55|Pt chinois|19.2000|60|0.0|1152.0|148.6100",,
"Vaffeljernet|Smagsloget 45|rhus||""8200""|Denmark|VAFFE|Vaffeljernet|Smagsloget 45|rhus||""8200""|Denmark|0.0|10465|""1997-03-05 00:00:00""|""1997-04-02 00:00:00""|""1997-03-14 00:00:00""|Federal Shipping|24|Guaran Fantstica|3.6000|25|0.0|90.0|145.0400",,
"Vaffeljernet|Smagsloget 45|rhus||""8200""|Denmark|VAFFE|Vaffeljernet|Smagsloget 45|rhus||""8200""|Denmark|0.0|10465|""1997-03-05 00:00:00""|""1997-04-02 00:00:00""|""1997-03-14 00:00:00""|Federal Shipping|29|Thringer Rostbratwurst|99.0000|18|0.0|1782.0|145.0400",,
"Vaffeljernet|Smagsloget 45|rhus||""8200""|Denmark|VAFFE|Vaffeljernet|Smagsloget 45|rhus||""8200""|Denmark|0.0|10465|""1997-03-05 00:00:00""|""1997-04-02 00:00:00""|""1997-03-14 00:00:00""|Federal Shipping|40|Boston Crab Meat|14.7000|20|0.0|294.0|145.0400",,
"Vaffeljernet|Smagsloget 45|rhus||""8200""|Denmark|VAFFE|Vaffeljernet|Smagsloget 45|rhus||""8200""|Denmark|0.0|10465|""1997-03-05 00:00:00""|""1997-04-02 00:00:00""|""1997-03-14 00:00:00""|Federal Shipping|45|Rogede sild|7.6000|30|0.0|228.0|145.0400",,
"Vaffeljernet|Smagsloget 45|rhus||""8200""|Denmark|VAFFE|Vaffeljernet|Smagsloget 45|rhus||""8200""|Denmark|0.0|10465|""1997-03-05 00:00:00""|""1997-04-02 00:00:00""|""1997-03-14 00:00:00""|Federal Shipping|50|Valkoinen suklaa|13.0000|25|0.0|325.0|145.0400",,
"Island Trading|Garden House Crowther Way|Cowes|Isle of Wight|PO31 7PJ|UK|ISLAT|Island Trading|Garden House Crowther Way|Cowes|Isle of Wight|PO31 7PJ|UK|0.0|10473|""1997-03-13 00:00:00""|""1997-03-27 00:00:00""|""1997-03-21 00:00:00""|Federal Shipping|33|Geitost|2.0000|12|0.0|24.0|16.3700",,
"Island Trading|Garden House Crowther Way|Cowes|Isle of Wight|PO31 7PJ|UK|ISLAT|Island Trading|Garden House Crowther Way|Cowes|Isle of Wight|PO31 7PJ|UK|0.0|10473|""1997-03-13 00:00:00""|""1997-03-27 00:00:00""|""1997-03-21 00:00:00""|Federal Shipping|71|Flotemysost|17.2000|12|0.0|206.0|16.3700",,
"Lazy K Kountry Store|""12 Orchestra Terrace""|Walla Walla|WA|""99362""|USA|LAZYK|Lazy K Kountry Store|""12 Orchestra Terrace""|Walla Walla|WA|""99362""|USA|0.0|10482|""1997-03-21 00:00:00""|""1997-04-18 00:00:00""|""1997-04-10 00:00:00""|Federal Shipping|40|Boston Crab Meat|14.7000|10|0.0|147.0|7.4800",,
"Kniglich Essen|Maubelstr. 90|Brandenburg||""14776""|Germany|KOENE|Kniglich Essen|Maubelstr. 90|Brandenburg||""14776""|Germany|0.0|10542|""1997-05-20 00:00:00""|""1997-06-17 00:00:00""|""1997-05-26 00:00:00""|Federal Shipping|11|Queso Cabrales|21.0000|15|0.0|315.0|10.9500",,
"Kniglich Essen|Maubelstr. 90|Brandenburg||""14776""|Germany|KOENE|Kniglich Essen|Maubelstr. 90|Brandenburg||""14776""|Germany|0.0|10542|""1997-05-20 00:00:00""|""1997-06-17 00:00:00""|""1997-05-26 00:00:00""|Federal Shipping|54|Tourtire|7.4500|24|0.0|178.0|10.9500",,
"Victuailles en stock|""2"," rue du Commerce""|Lyon||""69004""|France|VICTE|Victuailles en stock|""2"," rue du Commerce""|Lyon||""69004""|France|0.0|10546|""1997-05-23 00:00:00""|""1997-06-20 00:00:00""|""1997-05-27 00:00:00""|Federal Shipping|7|Uncle Bob's Organic Dried Pears|30.0000|10|0.0|300.0|194.7200"
"Victuailles en stock|""2"," rue du Commerce""|Lyon||""69004""|France|VICTE|Victuailles en stock|""2"," rue du Commerce""|Lyon||""69004""|France|0.0|10546|""1997-05-23 00:00:00""|""1997-06-20 00:00:00""|""1997-05-27 00:00:00""|Federal Shipping|35|Steeleye Stout|18.0000|30|0.0|540.0|194.7200"
"Victuailles en stock|""2"," rue du Commerce""|Lyon||""69004""|France|VICTE|Victuailles en stock|""2"," rue du Commerce""|Lyon||""69004""|France|0.0|10546|""1997-05-23 00:00:00""|""1997-06-20 00:00:00""|""1997-05-27 00:00:00""|Federal Shipping|62|Tarte au sucre|49.3000|40|0.0|1972.0|194.7200"
"Rattlesnake Canyon Grocery|""2817 Milton Dr.""|Albuquerque|NM|""87110""|USA|RATTC|Rattlesnake Canyon Grocery|""2817 Milton Dr.""|Albuquerque|NM|""87110""|USA|0.0|10598|""1997-07-14 00:00:00""|""1997-08-11 00:00:00""|""1997-07-18 00:00:00""|Federal Shipping|27|Schoggi Schokolade|43.9000|50|0.0|2195.0|44.4200",,
"Rattlesnake Canyon Grocery|""2817 Milton Dr.""|Albuquerque|NM|""87110""|USA|RATTC|Rattlesnake Canyon Grocery|""2817 Milton Dr.""|Albuquerque|NM|""87110""|USA|0.0|10598|""1997-07-14 00:00:00""|""1997-08-11 00:00:00""|""1997-07-18 00:00:00""|Federal Shipping|71|Flotemysost|21.5000|9|0.0|193.0|44.4200",,
"Furia Bacalhau e Frutos do Mar|Jardim das rosas n. 32|Lisboa||""1675""|Portugal|FURIB|Furia Bacalhau e Frutos do Mar|Jardim das rosas n. 32|Lisboa||""1675""|Portugal|0.0|10664|""1997-09-10 00:00:00""|""1997-10-08 00:00:00""|""1997-09-19 00:00:00""|Federal Shipping|10|Ikura|31.0000|24|0.0|744.0|1.2700",,
"Furia Bacalhau e Frutos do Mar|Jardim das rosas n. 32|Lisboa||""1675""|Portugal|FURIB|Furia Bacalhau e Frutos do Mar|Jardim das rosas n. 32|Lisboa||""1675""|Portugal|0.0|10664|""1997-09-10 00:00:00""|""1997-10-08 00:00:00""|""1997-09-19 00:00:00""|Federal Shipping|56|Gnocchi di nonna Alice|38.0000|12|0.0|456.0|1.2700",,
"Furia Bacalhau e Frutos do Mar|Jardim das rosas n. 32|Lisboa||""1675""|Portugal|FURIB|Furia Bacalhau e Frutos do Mar|Jardim das rosas n. 32|Lisboa||""1675""|Portugal|0.0|10664|""1997-09-10 00:00:00""|""1997-10-08 00:00:00""|""1997-09-19 00:00:00""|Federal Shipping|65|Louisiana Fiery Hot Pepper Sauce|21.0500|15|0.0|315.0|1.2700",,
"Antonio Moreno Taquera|Mataderos 2312|Mxico D.F.||""5023""|Mexico|ANTON|Antonio Moreno Taquera|Mataderos  2312|Mxico D.F.||""05023""|Mexico|0.0|10677|""1997-09-22 00:00:00""|""1997-10-20 00:00:00""|""1997-09-26 00:00:00""|Federal Shipping|26|Gumbr Gummibrchen|31.2300|30|0.0|936.0|4.0300",,
"Antonio Moreno Taquera|Mataderos 2312|Mxico D.F.||""5023""|Mexico|ANTON|Antonio Moreno Taquera|Mataderos  2312|Mxico D.F.||""05023""|Mexico|0.0|10677|""1997-09-22 00:00:00""|""1997-10-20 00:00:00""|""1997-09-26 00:00:00""|Federal Shipping|33|Geitost|2.5000|8|0.0|20.0|4.0300",,
Gourmet Lanchonetes|Av. Brasil," 442|Campinas|SP|""04876-786""|Brazil|GOURL|Gourmet Lanchonetes|Av. Brasil"," 442|Campinas|SP|""04876-786""|Brazil|0.0|10709|""1997-10-17 00:00:00""|""1997-11-14 00:00:00""|""1997-11-20 00:00:00""|Federal Shipping|8|Northwoods Cranberry Sauce|40.0000|40|0.0|1600.0|210.8000"
Gourmet Lanchonetes|Av. Brasil," 442|Campinas|SP|""04876-786""|Brazil|GOURL|Gourmet Lanchonetes|Av. Brasil"," 442|Campinas|SP|""04876-786""|Brazil|0.0|10709|""1997-10-17 00:00:00""|""1997-11-14 00:00:00""|""1997-11-20 00:00:00""|Federal Shipping|51|Manjimup Dried Apples|53.0000|28|0.0|1484.0|210.8000"
Gourmet Lanchonetes|Av. Brasil," 442|Campinas|SP|""04876-786""|Brazil|GOURL|Gourmet Lanchonetes|Av. Brasil"," 442|Campinas|SP|""04876-786""|Brazil|0.0|10709|""1997-10-17 00:00:00""|""1997-11-14 00:00:00""|""1997-11-20 00:00:00""|Federal Shipping|60|Camembert Pierrot|34.0000|10|0.0|340.0|210.8000"
"Kniglich Essen|Maubelstr. 90|Brandenburg||""14776""|Germany|KOENE|Kniglich Essen|Maubelstr. 90|Brandenburg||""14776""|Germany|0.0|10718|""1997-10-27 00:00:00""|""1997-11-24 00:00:00""|""1997-10-29 00:00:00""|Federal Shipping|12|Queso Manchego La Pastora|38.0000|36|0.0|1368.0|170.8800",,
"Kniglich Essen|Maubelstr. 90|Brandenburg||""14776""|Germany|KOENE|Kniglich Essen|Maubelstr. 90|Brandenburg||""14776""|Germany|0.0|10718|""1997-10-27 00:00:00""|""1997-11-24 00:00:00""|""1997-10-29 00:00:00""|Federal Shipping|16|Pavlova|17.4500|20|0.0|349.0|170.8800",,
"Kniglich Essen|Maubelstr. 90|Brandenburg||""14776""|Germany|KOENE|Kniglich Essen|Maubelstr. 90|Brandenburg||""14776""|Germany|0.0|10718|""1997-10-27 00:00:00""|""1997-11-24 00:00:00""|""1997-10-29 00:00:00""|Federal Shipping|36|Inlagd Sill|19.0000|40|0.0|760.0|170.8800",,
"Kniglich Essen|Maubelstr. 90|Brandenburg||""14776""|Germany|KOENE|Kniglich Essen|Maubelstr. 90|Brandenburg||""14776""|Germany|0.0|10718|""1997-10-27 00:00:00""|""1997-11-24 00:00:00""|""1997-10-29 00:00:00""|Federal Shipping|62|Tarte au sucre|49.3000|20|0.0|986.0|170.8800",,
"Berglunds snabbkp|Berguvsvgen 8|Lule||S-958 22|Sweden|BERGS|Berglunds snabbkp|Berguvsvgen  8|Lule||S-958 22|Sweden|0.0|10733|""1997-11-07 00:00:00""|""1997-12-05 00:00:00""|""1997-11-10 00:00:00""|Federal Shipping|14|Tofu|23.2500|16|0.0|372.0|110.1100",,
"Berglunds snabbkp|Berguvsvgen 8|Lule||S-958 22|Sweden|BERGS|Berglunds snabbkp|Berguvsvgen  8|Lule||S-958 22|Sweden|0.0|10733|""1997-11-07 00:00:00""|""1997-12-05 00:00:00""|""1997-11-10 00:00:00""|Federal Shipping|28|Rssle Sauerkraut|45.6000|20|0.0|912.0|110.1100",,
"Berglunds snabbkp|Berguvsvgen 8|Lule||S-958 22|Sweden|BERGS|Berglunds snabbkp|Berguvsvgen  8|Lule||S-958 22|Sweden|0.0|10733|""1997-11-07 00:00:00""|""1997-12-05 00:00:00""|""1997-11-10 00:00:00""|Federal Shipping|52|Filo Mix|7.0000|25|0.0|175.0|110.1100",,
"Chop-suey Chinese|Hauptstr. 31|Bern||""3012""|Switzerland|CHOPS|Chop-suey Chinese|Hauptstr. 29|Bern||""3012""|Switzerland|0.0|10746|""1997-11-19 00:00:00""|""1997-12-17 00:00:00""|""1997-11-21 00:00:00""|Federal Shipping|13|Konbu|6.0000|6|0.0|36.0|31.4300",,
"Chop-suey Chinese|Hauptstr. 31|Bern||""3012""|Switzerland|CHOPS|Chop-suey Chinese|Hauptstr. 29|Bern||""3012""|Switzerland|0.0|10746|""1997-11-19 00:00:00""|""1997-12-17 00:00:00""|""1997-11-21 00:00:00""|Federal Shipping|42|Singaporean Hokkien Fried Mee|14.0000|28|0.0|392.0|31.4300",,
"Chop-suey Chinese|Hauptstr. 31|Bern||""3012""|Switzerland|CHOPS|Chop-suey Chinese|Hauptstr. 29|Bern||""3012""|Switzerland|0.0|10746|""1997-11-19 00:00:00""|""1997-12-17 00:00:00""|""1997-11-21 00:00:00""|Federal Shipping|62|Tarte au sucre|49.3000|9|0.0|443.0|31.4300",,
"Chop-suey Chinese|Hauptstr. 31|Bern||""3012""|Switzerland|CHOPS|Chop-suey Chinese|Hauptstr. 29|Bern||""3012""|Switzerland|0.0|10746|""1997-11-19 00:00:00""|""1997-12-17 00:00:00""|""1997-11-21 00:00:00""|Federal Shipping|69|Gudbrandsdalsost|36.0000|40|0.0|1440.0|31.4300",,
"Ernst Handel|Kirchgasse 6|Graz||""8010""|Austria|ERNSH|Ernst Handel|Kirchgasse 6|Graz||""8010""|Austria|0.0|10773|""1997-12-11 00:00:00""|""1998-01-08 00:00:00""|""1997-12-16 00:00:00""|Federal Shipping|17|Alice Mutton|39.0000|33|0.0|1287.0|96.4300",,
"Ernst Handel|Kirchgasse 6|Graz||""8010""|Austria|ERNSH|Ernst Handel|Kirchgasse 6|Graz||""8010""|Austria|0.0|10773|""1997-12-11 00:00:00""|""1998-01-08 00:00:00""|""1997-12-16 00:00:00""|Federal Shipping|31|Gorgonzola Telino|12.5000|70|0.0|875.0|96.4300",,
"Ernst Handel|Kirchgasse 6|Graz||""8010""|Austria|ERNSH|Ernst Handel|Kirchgasse 6|Graz||""8010""|Austria|0.0|10773|""1997-12-11 00:00:00""|""1998-01-08 00:00:00""|""1997-12-16 00:00:00""|Federal Shipping|75|Rhnbru Klosterbier|7.7500|7|0.0|54.0|96.4300",,
"Ernst Handel|Kirchgasse 6|Graz||""8010""|Austria|ERNSH|Ernst Handel|Kirchgasse 6|Graz||""8010""|Austria|0.0|10776|""1997-12-15 00:00:00""|""1998-01-12 00:00:00""|""1997-12-18 00:00:00""|Federal Shipping|31|Gorgonzola Telino|12.5000|16|0.0|200.0|351.5300",,
"Ernst Handel|Kirchgasse 6|Graz||""8010""|Austria|ERNSH|Ernst Handel|Kirchgasse 6|Graz||""8010""|Austria|0.0|10776|""1997-12-15 00:00:00""|""1998-01-12 00:00:00""|""1997-12-18 00:00:00""|Federal Shipping|42|Singaporean Hokkien Fried Mee|14.0000|12|0.0|168.0|351.5300",,
"Ernst Handel|Kirchgasse 6|Graz||""8010""|Austria|ERNSH|Ernst Handel|Kirchgasse 6|Graz||""8010""|Austria|0.0|10776|""1997-12-15 00:00:00""|""1998-01-12 00:00:00""|""1997-12-18 00:00:00""|Federal Shipping|45|Rogede sild|9.5000|27|0.0|256.0|351.5300",,
"Ernst Handel|Kirchgasse 6|Graz||""8010""|Austria|ERNSH|Ernst Handel|Kirchgasse 6|Graz||""8010""|Austria|0.0|10776|""1997-12-15 00:00:00""|""1998-01-12 00:00:00""|""1997-12-18 00:00:00""|Federal Shipping|51|Manjimup Dried Apples|53.0000|120|0.0|6360.0|351.5300",,
"GROSELLA-Restaurante|""5 Ave. Los Palos Grandes""|Caracas|DF|""1081""|Venezuela|GROSR|GROSELLA-Restaurante|""5 Ave. Los Palos Grandes""|Caracas|DF|""1081""|Venezuela|0.0|10785|""1997-12-18 00:00:00""|""1998-01-15 00:00:00""|""1997-12-24 00:00:00""|Federal Shipping|10|Ikura|31.0000|10|0.0|310.0|1.5100",,
"GROSELLA-Restaurante|""5 Ave. Los Palos Grandes""|Caracas|DF|""1081""|Venezuela|GROSR|GROSELLA-Restaurante|""5 Ave. Los Palos Grandes""|Caracas|DF|""1081""|Venezuela|0.0|10785|""1997-12-18 00:00:00""|""1998-01-15 00:00:00""|""1997-12-24 00:00:00""|Federal Shipping|75|Rhnbru Klosterbier|7.7500|10|0.0|77.0|1.5100",,
"Wolski Zajazd|ul. Filtrowa 68|Warszawa||""01-012""|Poland|WOLZA|Wolski  Zajazd|ul. Filtrowa 68|Warszawa||""01-012""|Poland|0.0|10792|""1997-12-23 00:00:00""|""1998-01-20 00:00:00""|""1997-12-31 00:00:00""|Federal Shipping|2|Chang|19.0000|10|0.0|190.0|23.7900",,
"Wolski Zajazd|ul. Filtrowa 68|Warszawa||""01-012""|Poland|WOLZA|Wolski  Zajazd|ul. Filtrowa 68|Warszawa||""01-012""|Poland|0.0|10792|""1997-12-23 00:00:00""|""1998-01-20 00:00:00""|""1997-12-31 00:00:00""|Federal Shipping|54|Tourtire|7.4500|3|0.0|22.0|23.7900",,
"Wolski Zajazd|ul. Filtrowa 68|Warszawa||""01-012""|Poland|WOLZA|Wolski  Zajazd|ul. Filtrowa 68|Warszawa||""01-012""|Poland|0.0|10792|""1997-12-23 00:00:00""|""1998-01-20 00:00:00""|""1997-12-31 00:00:00""|Federal Shipping|68|Scottish Longbreads|12.5000|15|0.0|187.0|23.7900",,
"Seven Seas Imports|""90 Wadhurst Rd.""|London||OX15 4NB|UK|SEVES|Seven Seas Imports|""90 Wadhurst Rd.""|London||OX15 4NB|UK|0.0|10800|""1997-12-26 00:00:00""|""1998-01-23 00:00:00""|""1998-01-05 00:00:00""|Federal Shipping|11|Queso Cabrales|21.0000|50|0.0|1050.0|137.4400",,
"Seven Seas Imports|""90 Wadhurst Rd.""|London||OX15 4NB|UK|SEVES|Seven Seas Imports|""90 Wadhurst Rd.""|London||OX15 4NB|UK|0.0|10800|""1997-12-26 00:00:00""|""1998-01-23 00:00:00""|""1998-01-05 00:00:00""|Federal Shipping|51|Manjimup Dried Apples|53.0000|10|0.0|530.0|137.4400",,
"Seven Seas Imports|""90 Wadhurst Rd.""|London||OX15 4NB|UK|SEVES|Seven Seas Imports|""90 Wadhurst Rd.""|London||OX15 4NB|UK|0.0|10800|""1997-12-26 00:00:00""|""1998-01-23 00:00:00""|""1998-01-05 00:00:00""|Federal Shipping|54|Tourtire|7.4500|7|0.0|52.0|137.4400",,
Tradiao Hipermercados|Av. Ins de Castro," 414|Sao Paulo|SP|""05634-030""|Brazil|TRADH|Tradio Hipermercados|Av. Ins de Castro"," 414|Sao Paulo|SP|""05634-030""|Brazil|0.0|10834|""1998-01-15 00:00:00""|""1998-02-12 00:00:00""|""1998-01-19 00:00:00""|Federal Shipping|29|Thringer Rostbratwurst|123.7900|8|0.0|990.0|29.7800"
Tradiao Hipermercados|Av. Ins de Castro," 414|Sao Paulo|SP|""05634-030""|Brazil|TRADH|Tradio Hipermercados|Av. Ins de Castro"," 414|Sao Paulo|SP|""05634-030""|Brazil|0.0|10834|""1998-01-15 00:00:00""|""1998-02-12 00:00:00""|""1998-01-19 00:00:00""|Federal Shipping|30|Nord-Ost Matjeshering|25.8900|20|0.0|517.0|29.7800"
"Alfred-s Futterkiste|Obere Str. 57|Berlin||""12209""|Germany|ALFKI|Alfreds Futterkiste|Obere Str. 57|Berlin||""12209""|Germany|0.0|10835|""1998-01-15 00:00:00""|""1998-02-12 00:00:00""|""1998-01-21 00:00:00""|Federal Shipping|59|Raclette Courdavault|55.0000|15|0.0|825.0|69.5300",,
"Alfred-s Futterkiste|Obere Str. 57|Berlin||""12209""|Germany|ALFKI|Alfreds Futterkiste|Obere Str. 57|Berlin||""12209""|Germany|0.0|10835|""1998-01-15 00:00:00""|""1998-02-12 00:00:00""|""1998-01-21 00:00:00""|Federal Shipping|77|Original Frankfurter grne Soe|13.0000|2|0.0|26.0|69.5300",,
"Tortuga Restaurante|Avda. Azteca 123|Mxico D.F.||""5033""|Mexico|TORTU|Tortuga Restaurante|Avda. Azteca 123|Mxico D.F.||""05033""|Mexico|0.0|10842|""1998-01-20 00:00:00""|""1998-02-17 00:00:00""|""1998-01-29 00:00:00""|Federal Shipping|11|Queso Cabrales|21.0000|15|0.0|315.0|54.4200",,
"Tortuga Restaurante|Avda. Azteca 123|Mxico D.F.||""5033""|Mexico|TORTU|Tortuga Restaurante|Avda. Azteca 123|Mxico D.F.||""05033""|Mexico|0.0|10842|""1998-01-20 00:00:00""|""1998-02-17 00:00:00""|""1998-01-29 00:00:00""|Federal Shipping|43|Ipoh Coffee|46.0000|5|0.0|230.0|54.4200",,
"Tortuga Restaurante|Avda. Azteca 123|Mxico D.F.||""5033""|Mexico|TORTU|Tortuga Restaurante|Avda. Azteca 123|Mxico D.F.||""05033""|Mexico|0.0|10842|""1998-01-20 00:00:00""|""1998-02-17 00:00:00""|""1998-01-29 00:00:00""|Federal Shipping|68|Scottish Longbreads|12.5000|20|0.0|250.0|54.4200",,
"Tortuga Restaurante|Avda. Azteca 123|Mxico D.F.||""5033""|Mexico|TORTU|Tortuga Restaurante|Avda. Azteca 123|Mxico D.F.||""05033""|Mexico|0.0|10842|""1998-01-20 00:00:00""|""1998-02-17 00:00:00""|""1998-01-29 00:00:00""|Federal Shipping|70|Outback Lager|15.0000|12|0.0|180.0|54.4200",,
"Wilman Kala|Keskuskatu 45|Helsinki||""21240""|Finland|WILMK|Wilman Kala|Keskuskatu 45|Helsinki||""21240""|Finland|0.0|10910|""1998-02-26 00:00:00""|""1998-03-26 00:00:00""|""1998-03-04 00:00:00""|Federal Shipping|19|Teatime Chocolate Biscuits|9.2000|12|0.0|110.0|38.1100",,
"Wilman Kala|Keskuskatu 45|Helsinki||""21240""|Finland|WILMK|Wilman Kala|Keskuskatu 45|Helsinki||""21240""|Finland|0.0|10910|""1998-02-26 00:00:00""|""1998-03-26 00:00:00""|""1998-03-04 00:00:00""|Federal Shipping|49|Maxilaku|20.0000|10|0.0|200.0|38.1100",,
"Wilman Kala|Keskuskatu 45|Helsinki||""21240""|Finland|WILMK|Wilman Kala|Keskuskatu 45|Helsinki||""21240""|Finland|0.0|10910|""1998-02-26 00:00:00""|""1998-03-26 00:00:00""|""1998-03-04 00:00:00""|Federal Shipping|61|Sirop d'rable|28.5000|5|0.0|142.0|38.1100",,
"Ernst Handel|Kirchgasse 6|Graz||""8010""|Austria|ERNSH|Ernst Handel|Kirchgasse 6|Graz||""8010""|Austria|0.0|10968|""1998-03-23 00:00:00""|""1998-04-20 00:00:00""|""1998-04-01 00:00:00""|Federal Shipping|12|Queso Manchego La Pastora|38.0000|30|0.0|1140.0|74.6000",,
"Ernst Handel|Kirchgasse 6|Graz||""8010""|Austria|ERNSH|Ernst Handel|Kirchgasse 6|Graz||""8010""|Austria|0.0|10968|""1998-03-23 00:00:00""|""1998-04-20 00:00:00""|""1998-04-01 00:00:00""|Federal Shipping|24|Guaran Fantstica|4.5000|30|0.0|135.0|74.6000",,
"Ernst Handel|Kirchgasse 6|Graz||""8010""|Austria|ERNSH|Ernst Handel|Kirchgasse 6|Graz||""8010""|Austria|0.0|10968|""1998-03-23 00:00:00""|""1998-04-20 00:00:00""|""1998-04-01 00:00:00""|Federal Shipping|64|Wimmers gute Semmelkndel|33.2500|4|0.0|133.0|74.6000",,
"Bottom-Dollar Markets|""23 Tsawassen Blvd.""|Tsawassen|BC|T2F 8M4|Canada|BOTTM|Bottom-Dollar Markets|""23 Tsawassen Blvd.""|Tsawassen|BC|T2F 8M4|Canada|0.0|10975|""1998-03-25 00:00:00""|""1998-04-22 00:00:00""|""1998-03-27 00:00:00""|Federal Shipping|8|Northwoods Cranberry Sauce|40.0000|16|0.0|640.0|32.2700",,
"Bottom-Dollar Markets|""23 Tsawassen Blvd.""|Tsawassen|BC|T2F 8M4|Canada|BOTTM|Bottom-Dollar Markets|""23 Tsawassen Blvd.""|Tsawassen|BC|T2F 8M4|Canada|0.0|10975|""1998-03-25 00:00:00""|""1998-04-22 00:00:00""|""1998-03-27 00:00:00""|Federal Shipping|75|Rhnbru Klosterbier|7.7500|10|0.0|77.0|32.2700",,
"Save-a-lot Markets|""187 Suffolk Ln.""|Boise|ID|""83720""|USA|SAVEA|Save-a-lot Markets|""187 Suffolk Ln.""|Boise|ID|""83720""|USA|0.0|10984|""1998-03-30 00:00:00""|""1998-04-27 00:00:00""|""1998-04-03 00:00:00""|Federal Shipping|16|Pavlova|17.4500|55|0.0|959.0|211.2200",,
"Save-a-lot Markets|""187 Suffolk Ln.""|Boise|ID|""83720""|USA|SAVEA|Save-a-lot Markets|""187 Suffolk Ln.""|Boise|ID|""83720""|USA|0.0|10984|""1998-03-30 00:00:00""|""1998-04-27 00:00:00""|""1998-04-03 00:00:00""|Federal Shipping|24|Guaran Fantstica|4.5000|20|0.0|90.0|211.2200",,
"Save-a-lot Markets|""187 Suffolk Ln.""|Boise|ID|""83720""|USA|SAVEA|Save-a-lot Markets|""187 Suffolk Ln.""|Boise|ID|""83720""|USA|0.0|10984|""1998-03-30 00:00:00""|""1998-04-27 00:00:00""|""1998-04-03 00:00:00""|Federal Shipping|36|Inlagd Sill|19.0000|40|0.0|760.0|211.2200",,
"The Big Cheese|""89 Jefferson Way Suite 2""|Portland|OR|""97201""|USA|THEBI|The Big Cheese|""89 Jefferson Way Suite 2""|Portland|OR|""97201""|USA|0.0|10992|""1998-04-01 00:00:00""|""1998-04-29 00:00:00""|""1998-04-03 00:00:00""|Federal Shipping|72|Mozzarella di Giovanni|34.8000|2|0.0|69.0|4.2700",,
"Pericles Comidas clsicas|Calle Dr. Jorge Cash 321|Mxico D.F.||""5033""|Mexico|PERIC|Pericles Comidas clsicas|Calle Dr. Jorge Cash 321|Mxico D.F.||""05033""|Mexico|0.0|10995|""1998-04-02 00:00:00""|""1998-04-30 00:00:00""|""1998-04-06 00:00:00""|Federal Shipping|51|Manjimup Dried Apples|53.0000|20|0.0|1060.0|46.0000",,
"Pericles Comidas clsicas|Calle Dr. Jorge Cash 321|Mxico D.F.||""5033""|Mexico|PERIC|Pericles Comidas clsicas|Calle Dr. Jorge Cash 321|Mxico D.F.||""05033""|Mexico|0.0|10995|""1998-04-02 00:00:00""|""1998-04-30 00:00:00""|""1998-04-06 00:00:00""|Federal Shipping|60|Camembert Pierrot|34.0000|4|0.0|136.0|46.0000",,
"Frankenversand|Berliner Platz 43|Mnchen||""80805""|Germany|FRANK|Frankenversand|Berliner Platz 43|Mnchen||""80805""|Germany|0.0|11012|""1998-04-09 00:00:00""|""1998-04-23 00:00:00""|""1998-04-17 00:00:00""|Federal Shipping|19|Teatime Chocolate Biscuits|9.2000|50|0.0|460.0|242.9500",,
"Frankenversand|Berliner Platz 43|Mnchen||""80805""|Germany|FRANK|Frankenversand|Berliner Platz 43|Mnchen||""80805""|Germany|0.0|11012|""1998-04-09 00:00:00""|""1998-04-23 00:00:00""|""1998-04-17 00:00:00""|Federal Shipping|60|Camembert Pierrot|34.0000|36|0.0|1224.0|242.9500",,
"Frankenversand|Berliner Platz 43|Mnchen||""80805""|Germany|FRANK|Frankenversand|Berliner Platz 43|Mnchen||""80805""|Germany|0.0|11012|""1998-04-09 00:00:00""|""1998-04-23 00:00:00""|""1998-04-17 00:00:00""|Federal Shipping|71|Flotemysost|21.5000|60|0.0|1290.0|242.9500",,
"QUICK-Stop|Taucherstrae 10|Cunewalde||""1307""|Germany|QUICK|QUICK-Stop|Taucherstrae 10|Cunewalde||""01307""|Germany|0.0|10285|""1996-08-20 00:00:00""|""1996-09-17 00:00:00""|""1996-08-26 00:00:00""|United Package|1|Chai|14.4000|45|0.0|648.0|76.8300",,
"QUICK-Stop|Taucherstrae 10|Cunewalde||""1307""|Germany|QUICK|QUICK-Stop|Taucherstrae 10|Cunewalde||""01307""|Germany|0.0|10285|""1996-08-20 00:00:00""|""1996-09-17 00:00:00""|""1996-08-26 00:00:00""|United Package|40|Boston Crab Meat|14.7000|40|0.0|588.0|76.8300",,
"QUICK-Stop|Taucherstrae 10|Cunewalde||""1307""|Germany|QUICK|QUICK-Stop|Taucherstrae 10|Cunewalde||""01307""|Germany|0.0|10285|""1996-08-20 00:00:00""|""1996-09-17 00:00:00""|""1996-08-26 00:00:00""|United Package|53|Perth Pasties|26.2000|36|0.0|943.0|76.8300",,
Tradiao Hipermercados|Av. Ins de Castro," 414|Sao Paulo|SP|""05634-030""|Brazil|TRADH|Tradio Hipermercados|Av. Ins de Castro"," 414|Sao Paulo|SP|""05634-030""|Brazil|0.0|10292|""1996-08-28 00:00:00""|""1996-09-25 00:00:00""|""1996-09-02 00:00:00""|United Package|20|Sir Rodney's Marmalade|64.8000|20|0.0|1296.0|1.3500"
"Tortuga Restaurante|Avda. Azteca 123|Mxico D.F.||""5033""|Mexico|TORTU|Tortuga Restaurante|Avda. Azteca 123|Mxico D.F.||""05033""|Mexico|0.0|10304|""1996-09-12 00:00:00""|""1996-10-10 00:00:00""|""1996-09-17 00:00:00""|United Package|49|Maxilaku|16.0000|30|0.0|480.0|63.7900",,
"Tortuga Restaurante|Avda. Azteca 123|Mxico D.F.||""5033""|Mexico|TORTU|Tortuga Restaurante|Avda. Azteca 123|Mxico D.F.||""05033""|Mexico|0.0|10304|""1996-09-12 00:00:00""|""1996-10-10 00:00:00""|""1996-09-17 00:00:00""|United Package|59|Raclette Courdavault|44.0000|10|0.0|440.0|63.7900",,
"Tortuga Restaurante|Avda. Azteca 123|Mxico D.F.||""5033""|Mexico|TORTU|Tortuga Restaurante|Avda. Azteca 123|Mxico D.F.||""05033""|Mexico|0.0|10304|""1996-09-12 00:00:00""|""1996-10-10 00:00:00""|""1996-09-17 00:00:00""|United Package|71|Flotemysost|17.2000|2|0.0|34.0|63.7900",,
"Rattlesnake Canyon Grocery|""2817 Milton Dr.""|Albuquerque|NM|""87110""|USA|RATTC|Rattlesnake Canyon Grocery|""2817 Milton Dr.""|Albuquerque|NM|""87110""|USA|0.0|10314|""1996-09-25 00:00:00""|""1996-10-23 00:00:00""|""1996-10-04 00:00:00""|United Package|32|Mascarpone Fabioli|25.6000|40|0.0|1024.0|74.1600",,
"Rattlesnake Canyon Grocery|""2817 Milton Dr.""|Albuquerque|NM|""87110""|USA|RATTC|Rattlesnake Canyon Grocery|""2817 Milton Dr.""|Albuquerque|NM|""87110""|USA|0.0|10314|""1996-09-25 00:00:00""|""1996-10-23 00:00:00""|""1996-10-04 00:00:00""|United Package|58|Escargots de Bourgogne|10.6000|30|0.0|318.0|74.1600",,
"Rattlesnake Canyon Grocery|""2817 Milton Dr.""|Albuquerque|NM|""87110""|USA|RATTC|Rattlesnake Canyon Grocery|""2817 Milton Dr.""|Albuquerque|NM|""87110""|USA|0.0|10314|""1996-09-25 00:00:00""|""1996-10-23 00:00:00""|""1996-10-04 00:00:00""|United Package|62|Tarte au sucre|39.4000|25|0.0|985.0|74.1600",,
"QUICK-Stop|Taucherstrae 10|Cunewalde||""1307""|Germany|QUICK|QUICK-Stop|Taucherstrae 10|Cunewalde||""01307""|Germany|0.0|10361|""1996-11-22 00:00:00""|""1996-12-20 00:00:00""|""1996-12-03 00:00:00""|United Package|39|Chartreuse verte|14.4000|54|0.0|777.0|183.1700",,
"QUICK-Stop|Taucherstrae 10|Cunewalde||""1307""|Germany|QUICK|QUICK-Stop|Taucherstrae 10|Cunewalde||""01307""|Germany|0.0|10361|""1996-11-22 00:00:00""|""1996-12-20 00:00:00""|""1996-12-03 00:00:00""|United Package|60|Camembert Pierrot|27.2000|55|0.0|1496.0|183.1700",,
"Mre Paillarde|""43 rue St. Laurent""|Montral|Qubec|H1J 1C3|Canada|MEREP|Mre Paillarde|""43 rue St. Laurent""|Montral|Qubec|H1J 1C3|Canada|0.0|10376|""1996-12-09 00:00:00""|""1997-01-06 00:00:00""|""1996-12-13 00:00:00""|United Package|31|Gorgonzola Telino|10.0000|42|0.0|420.0|20.3900",,
"Split Rail Beer & Ale|P.O. Box 555|Lander|WY|""82520""|USA|SPLIR|Split Rail Beer & Ale|P.O. Box 555|Lander|WY|""82520""|USA|0.0|10385|""1996-12-17 00:00:00""|""1997-01-14 00:00:00""|""1996-12-23 00:00:00""|United Package|7|Uncle Bob's Organic Dried Pears|24.0000|10|0.0|240.0|30.9600",,
"Split Rail Beer & Ale|P.O. Box 555|Lander|WY|""82520""|USA|SPLIR|Split Rail Beer & Ale|P.O. Box 555|Lander|WY|""82520""|USA|0.0|10385|""1996-12-17 00:00:00""|""1997-01-14 00:00:00""|""1996-12-23 00:00:00""|United Package|60|Camembert Pierrot|27.2000|20|0.0|544.0|30.9600",,
"Split Rail Beer & Ale|P.O. Box 555|Lander|WY|""82520""|USA|SPLIR|Split Rail Beer & Ale|P.O. Box 555|Lander|WY|""82520""|USA|0.0|10385|""1996-12-17 00:00:00""|""1997-01-14 00:00:00""|""1996-12-23 00:00:00""|United Package|68|Scottish Longbreads|10.0000|8|0.0|80.0|30.9600",,
"Sant Gourmet|Erling Skakkes gate 78|Stavern||""4110""|Norway|SANTG|Sant Gourmet|Erling Skakkes gate 78|Stavern||""4110""|Norway|0.0|10387|""1996-12-18 00:00:00""|""1997-01-15 00:00:00""|""1996-12-20 00:00:00""|United Package|24|Guaran Fantstica|3.6000|15|0.0|54.0|93.6300",,
"Sant Gourmet|Erling Skakkes gate 78|Stavern||""4110""|Norway|SANTG|Sant Gourmet|Erling Skakkes gate 78|Stavern||""4110""|Norway|0.0|10387|""1996-12-18 00:00:00""|""1997-01-15 00:00:00""|""1996-12-20 00:00:00""|United Package|28|Rssle Sauerkraut|36.4000|6|0.0|218.0|93.6300",,
"Sant Gourmet|Erling Skakkes gate 78|Stavern||""4110""|Norway|SANTG|Sant Gourmet|Erling Skakkes gate 78|Stavern||""4110""|Norway|0.0|10387|""1996-12-18 00:00:00""|""1997-01-15 00:00:00""|""1996-12-20 00:00:00""|United Package|59|Raclette Courdavault|44.0000|12|0.0|528.0|93.6300",,
"Sant Gourmet|Erling Skakkes gate 78|Stavern||""4110""|Norway|SANTG|Sant Gourmet|Erling Skakkes gate 78|Stavern||""4110""|Norway|0.0|10387|""1996-12-18 00:00:00""|""1997-01-15 00:00:00""|""1996-12-20 00:00:00""|United Package|71|Flotemysost|17.2000|15|0.0|258.0|93.6300",,
"Around the Horn|Brook Farm Stratford St. Mary|Colchester|Essex|CO7 6JX|UK|AROUT|Around the Horn|""120 Hanover Sq.""|London||WA1 1DP|UK|0.0|10453|""1997-02-21 00:00:00""|""1997-03-21 00:00:00""|""1997-02-26 00:00:00""|United Package|48|Chocolade|10.2000|15|0.0|153.0|25.3600",,
"Around the Horn|Brook Farm Stratford St. Mary|Colchester|Essex|CO7 6JX|UK|AROUT|Around the Horn|""120 Hanover Sq.""|London||WA1 1DP|UK|0.0|10453|""1997-02-21 00:00:00""|""1997-03-21 00:00:00""|""1997-02-26 00:00:00""|United Package|70|Outback Lager|12.0000|25|0.0|300.0|25.3600",,
"HILARION-Abastos|Carrera 22 con Ave. Carlos Soublette #8-35|San Cristbal|Tchira|""5022""|Venezuela|HILAA|HILARION-Abastos|Carrera 22 con Ave. Carlos Soublette #8-35|San Cristbal|Tchira|""5022""|Venezuela|0.0|10486|""1997-03-26 00:00:00""|""1997-04-23 00:00:00""|""1997-04-02 00:00:00""|United Package|11|Queso Cabrales|16.8000|5|0.0|84.0|30.5300",,
"HILARION-Abastos|Carrera 22 con Ave. Carlos Soublette #8-35|San Cristbal|Tchira|""5022""|Venezuela|HILAA|HILARION-Abastos|Carrera 22 con Ave. Carlos Soublette #8-35|San Cristbal|Tchira|""5022""|Venezuela|0.0|10486|""1997-03-26 00:00:00""|""1997-04-23 00:00:00""|""1997-04-02 00:00:00""|United Package|51|Manjimup Dried Apples|42.4000|25|0.0|1060.0|30.5300",,
"HILARION-Abastos|Carrera 22 con Ave. Carlos Soublette #8-35|San Cristbal|Tchira|""5022""|Venezuela|HILAA|HILARION-Abastos|Carrera 22 con Ave. Carlos Soublette #8-35|San Cristbal|Tchira|""5022""|Venezuela|0.0|10486|""1997-03-26 00:00:00""|""1997-04-23 00:00:00""|""1997-04-02 00:00:00""|United Package|74|Longlife Tofu|8.0000|16|0.0|128.0|30.5300",,
"Ottilies Kseladen|Mehrheimerstr. 369|Kln||""50739""|Germany|OTTIK|Ottilies Kseladen|Mehrheimerstr. 369|Kln||""50739""|Germany|0.0|10508|""1997-04-16 00:00:00""|""1997-05-14 00:00:00""|""1997-05-13 00:00:00""|United Package|13|Konbu|6.0000|10|0.0|60.0|4.9900",,
"Ottilies Kseladen|Mehrheimerstr. 369|Kln||""50739""|Germany|OTTIK|Ottilies Kseladen|Mehrheimerstr. 369|Kln||""50739""|Germany|0.0|10508|""1997-04-16 00:00:00""|""1997-05-14 00:00:00""|""1997-05-13 00:00:00""|United Package|39|Chartreuse verte|18.0000|10|0.0|180.0|4.9900",,
"Berglunds snabbkp|Berguvsvgen 8|Lule||S-958 22|Sweden|BERGS|Berglunds snabbkp|Berguvsvgen  8|Lule||S-958 22|Sweden|0.0|10524|""1997-05-01 00:00:00""|""1997-05-29 00:00:00""|""1997-05-07 00:00:00""|United Package|10|Ikura|31.0000|2|0.0|62.0|244.7900",,
"Berglunds snabbkp|Berguvsvgen 8|Lule||S-958 22|Sweden|BERGS|Berglunds snabbkp|Berguvsvgen  8|Lule||S-958 22|Sweden|0.0|10524|""1997-05-01 00:00:00""|""1997-05-29 00:00:00""|""1997-05-07 00:00:00""|United Package|30|Nord-Ost Matjeshering|25.8900|10|0.0|258.0|244.7900",,
"Berglunds snabbkp|Berguvsvgen 8|Lule||S-958 22|Sweden|BERGS|Berglunds snabbkp|Berguvsvgen  8|Lule||S-958 22|Sweden|0.0|10524|""1997-05-01 00:00:00""|""1997-05-29 00:00:00""|""1997-05-07 00:00:00""|United Package|43|Ipoh Coffee|46.0000|60|0.0|2760.0|244.7900",,
"Berglunds snabbkp|Berguvsvgen 8|Lule||S-958 22|Sweden|BERGS|Berglunds snabbkp|Berguvsvgen  8|Lule||S-958 22|Sweden|0.0|10524|""1997-05-01 00:00:00""|""1997-05-29 00:00:00""|""1997-05-07 00:00:00""|United Package|54|Tourtire|7.4500|15|0.0|111.0|244.7900",,
"Bon app-|""12"," rue des Bouchers""|Marseille||""13008""|France|BONAP|Bon app'|""12"," rue des Bouchers""|Marseille||""13008""|France|0.0|10525|""1997-05-02 00:00:00""|""1997-05-30 00:00:00""|""1997-05-23 00:00:00""|United Package|36|Inlagd Sill|19.0000|30|0.0|570.0|11.0600"
"Bon app-|""12"," rue des Bouchers""|Marseille||""13008""|France|BONAP|Bon app'|""12"," rue des Bouchers""|Marseille||""13008""|France|0.0|10525|""1997-05-02 00:00:00""|""1997-05-30 00:00:00""|""1997-05-23 00:00:00""|United Package|40|Boston Crab Meat|18.4000|15|0.0|276.0|11.0600"
"Around the Horn|Brook Farm Stratford St. Mary|Colchester|Essex|CO7 6JX|UK|AROUT|Around the Horn|""120 Hanover Sq.""|London||WA1 1DP|UK|0.0|10558|""1997-06-04 00:00:00""|""1997-07-02 00:00:00""|""1997-06-10 00:00:00""|United Package|47|Zaanse koeken|9.5000|25|0.0|237.0|72.9700",,
"Around the Horn|Brook Farm Stratford St. Mary|Colchester|Essex|CO7 6JX|UK|AROUT|Around the Horn|""120 Hanover Sq.""|London||WA1 1DP|UK|0.0|10558|""1997-06-04 00:00:00""|""1997-07-02 00:00:00""|""1997-06-10 00:00:00""|United Package|51|Manjimup Dried Apples|53.0000|20|0.0|1060.0|72.9700",,
"Around the Horn|Brook Farm Stratford St. Mary|Colchester|Essex|CO7 6JX|UK|AROUT|Around the Horn|""120 Hanover Sq.""|London||WA1 1DP|UK|0.0|10558|""1997-06-04 00:00:00""|""1997-07-02 00:00:00""|""1997-06-10 00:00:00""|United Package|52|Filo Mix|7.0000|30|0.0|210.0|72.9700",,
"Around the Horn|Brook Farm Stratford St. Mary|Colchester|Essex|CO7 6JX|UK|AROUT|Around the Horn|""120 Hanover Sq.""|London||WA1 1DP|UK|0.0|10558|""1997-06-04 00:00:00""|""1997-07-02 00:00:00""|""1997-06-10 00:00:00""|United Package|53|Perth Pasties|32.8000|18|0.0|590.0|72.9700",,
"Around the Horn|Brook Farm Stratford St. Mary|Colchester|Essex|CO7 6JX|UK|AROUT|Around the Horn|""120 Hanover Sq.""|London||WA1 1DP|UK|0.0|10558|""1997-06-04 00:00:00""|""1997-07-02 00:00:00""|""1997-06-10 00:00:00""|United Package|73|Rd Kaviar|15.0000|3|0.0|45.0|72.9700",,
"Let-s Stop N Shop|""87 Polk St. Suite 5""|San Francisco|CA|""94117""|USA|LETSS|Let's Stop N Shop|""87 Polk St. Suite 5""|San Francisco|CA|""94117""|USA|0.0|10579|""1997-06-25 00:00:00""|""1997-07-23 00:00:00""|""1997-07-04 00:00:00""|United Package|15|Genen Shouyu|15.5000|10|0.0|155.0|13.7300",,
"Let-s Stop N Shop|""87 Polk St. Suite 5""|San Francisco|CA|""94117""|USA|LETSS|Let's Stop N Shop|""87 Polk St. Suite 5""|San Francisco|CA|""94117""|USA|0.0|10579|""1997-06-25 00:00:00""|""1997-07-23 00:00:00""|""1997-07-04 00:00:00""|United Package|75|Rhnbru Klosterbier|7.7500|21|0.0|162.0|13.7300",,
"Mre Paillarde|""43 rue St. Laurent""|Montral|Qubec|H1J 1C3|Canada|MEREP|Mre Paillarde|""43 rue St. Laurent""|Montral|Qubec|H1J 1C3|Canada|0.0|10605|""1997-07-21 00:00:00""|""1997-08-18 00:00:00""|""1997-07-29 00:00:00""|United Package|16|Pavlova|17.4500|30|0.0|523.0|379.1300",,
"Mre Paillarde|""43 rue St. Laurent""|Montral|Qubec|H1J 1C3|Canada|MEREP|Mre Paillarde|""43 rue St. Laurent""|Montral|Qubec|H1J 1C3|Canada|0.0|10605|""1997-07-21 00:00:00""|""1997-08-18 00:00:00""|""1997-07-29 00:00:00""|United Package|59|Raclette Courdavault|55.0000|20|0.0|1100.0|379.1300",,
"Mre Paillarde|""43 rue St. Laurent""|Montral|Qubec|H1J 1C3|Canada|MEREP|Mre Paillarde|""43 rue St. Laurent""|Montral|Qubec|H1J 1C3|Canada|0.0|10605|""1997-07-21 00:00:00""|""1997-08-18 00:00:00""|""1997-07-29 00:00:00""|United Package|60|Camembert Pierrot|34.0000|70|0.0|2380.0|379.1300",,
"Mre Paillarde|""43 rue St. Laurent""|Montral|Qubec|H1J 1C3|Canada|MEREP|Mre Paillarde|""43 rue St. Laurent""|Montral|Qubec|H1J 1C3|Canada|0.0|10605|""1997-07-21 00:00:00""|""1997-08-18 00:00:00""|""1997-07-29 00:00:00""|United Package|71|Flotemysost|21.5000|15|0.0|322.0|379.1300",,
"Save-a-lot Markets|""187 Suffolk Ln.""|Boise|ID|""83720""|USA|SAVEA|Save-a-lot Markets|""187 Suffolk Ln.""|Boise|ID|""83720""|USA|0.0|10612|""1997-07-28 00:00:00""|""1997-08-25 00:00:00""|""1997-08-01 00:00:00""|United Package|10|Ikura|31.0000|70|0.0|2170.0|544.0800",,
"Save-a-lot Markets|""187 Suffolk Ln.""|Boise|ID|""83720""|USA|SAVEA|Save-a-lot Markets|""187 Suffolk Ln.""|Boise|ID|""83720""|USA|0.0|10612|""1997-07-28 00:00:00""|""1997-08-25 00:00:00""|""1997-08-01 00:00:00""|United Package|36|Inlagd Sill|19.0000|55|0.0|1045.0|544.0800",,
"Save-a-lot Markets|""187 Suffolk Ln.""|Boise|ID|""83720""|USA|SAVEA|Save-a-lot Markets|""187 Suffolk Ln.""|Boise|ID|""83720""|USA|0.0|10612|""1997-07-28 00:00:00""|""1997-08-25 00:00:00""|""1997-08-01 00:00:00""|United Package|49|Maxilaku|20.0000|18|0.0|360.0|544.0800",,
"Save-a-lot Markets|""187 Suffolk Ln.""|Boise|ID|""83720""|USA|SAVEA|Save-a-lot Markets|""187 Suffolk Ln.""|Boise|ID|""83720""|USA|0.0|10612|""1997-07-28 00:00:00""|""1997-08-25 00:00:00""|""1997-08-01 00:00:00""|United Package|60|Camembert Pierrot|34.0000|40|0.0|1360.0|544.0800",,
"Save-a-lot Markets|""187 Suffolk Ln.""|Boise|ID|""83720""|USA|SAVEA|Save-a-lot Markets|""187 Suffolk Ln.""|Boise|ID|""83720""|USA|0.0|10612|""1997-07-28 00:00:00""|""1997-08-25 00:00:00""|""1997-08-01 00:00:00""|United Package|76|Lakkalikri|18.0000|80|0.0|1440.0|544.0800",,
"Great Lakes Food Market|""2732 Baker Blvd.""|Eugene|OR|""97403""|USA|GREAL|Great Lakes Food Market|""2732 Baker Blvd.""|Eugene|OR|""97403""|USA|0.0|10616|""1997-07-31 00:00:00""|""1997-08-28 00:00:00""|""1997-08-05 00:00:00""|United Package|38|Cte de Blaye|263.5000|15|0.0|3952.0|116.5300",,
"Great Lakes Food Market|""2732 Baker Blvd.""|Eugene|OR|""97403""|USA|GREAL|Great Lakes Food Market|""2732 Baker Blvd.""|Eugene|OR|""97403""|USA|0.0|10616|""1997-07-31 00:00:00""|""1997-08-28 00:00:00""|""1997-08-05 00:00:00""|United Package|56|Gnocchi di nonna Alice|38.0000|14|0.0|532.0|116.5300",,
"Great Lakes Food Market|""2732 Baker Blvd.""|Eugene|OR|""97403""|USA|GREAL|Great Lakes Food Market|""2732 Baker Blvd.""|Eugene|OR|""97403""|USA|0.0|10616|""1997-07-31 00:00:00""|""1997-08-28 00:00:00""|""1997-08-05 00:00:00""|United Package|70|Outback Lager|15.0000|15|0.0|225.0|116.5300",,
"Great Lakes Food Market|""2732 Baker Blvd.""|Eugene|OR|""97403""|USA|GREAL|Great Lakes Food Market|""2732 Baker Blvd.""|Eugene|OR|""97403""|USA|0.0|10616|""1997-07-31 00:00:00""|""1997-08-28 00:00:00""|""1997-08-05 00:00:00""|United Package|71|Flotemysost|21.5000|15|0.0|322.0|116.5300",,
"Berglunds snabbkp|Berguvsvgen 8|Lule||S-958 22|Sweden|BERGS|Berglunds snabbkp|Berguvsvgen  8|Lule||S-958 22|Sweden|0.0|10626|""1997-08-11 00:00:00""|""1997-09-08 00:00:00""|""1997-08-20 00:00:00""|United Package|53|Perth Pasties|32.8000|12|0.0|393.0|138.6900",,
"Berglunds snabbkp|Berguvsvgen 8|Lule||S-958 22|Sweden|BERGS|Berglunds snabbkp|Berguvsvgen  8|Lule||S-958 22|Sweden|0.0|10626|""1997-08-11 00:00:00""|""1997-09-08 00:00:00""|""1997-08-20 00:00:00""|United Package|60|Camembert Pierrot|34.0000|20|0.0|680.0|138.6900",,
"Berglunds snabbkp|Berguvsvgen 8|Lule||S-958 22|Sweden|BERGS|Berglunds snabbkp|Berguvsvgen  8|Lule||S-958 22|Sweden|0.0|10626|""1997-08-11 00:00:00""|""1997-09-08 00:00:00""|""1997-08-20 00:00:00""|United Package|71|Flotemysost|21.5000|20|0.0|430.0|138.6900",,
"Kniglich Essen|Maubelstr. 90|Brandenburg||""14776""|Germany|KOENE|Kniglich Essen|Maubelstr. 90|Brandenburg||""14776""|Germany|0.0|10630|""1997-08-13 00:00:00""|""1997-09-10 00:00:00""|""1997-08-19 00:00:00""|United Package|55|Pt chinois|24.0000|12|0.0|288.0|32.3500",,
"Kniglich Essen|Maubelstr. 90|Brandenburg||""14776""|Germany|KOENE|Kniglich Essen|Maubelstr. 90|Brandenburg||""14776""|Germany|0.0|10630|""1997-08-13 00:00:00""|""1997-09-10 00:00:00""|""1997-08-19 00:00:00""|United Package|76|Lakkalikri|18.0000|35|0.0|630.0|32.3500",,
"Reggiani Caseifici|Strada Provinciale 124|Reggio Emilia||""42100""|Italy|REGGC|Reggiani Caseifici|Strada Provinciale 124|Reggio Emilia||""42100""|Italy|0.0|10655|""1997-09-03 00:00:00""|""1997-10-01 00:00:00""|""1997-09-11 00:00:00""|United Package|41|Jack's New England Clam Chowder|9.6500|20|0.0|193.0|4.4100",,
"Lonesome Pine Restaurant|""89 Chiaroscuro Rd.""|Portland|OR|""97219""|USA|LONEP|Lonesome Pine Restaurant|""89 Chiaroscuro Rd.""|Portland|OR|""97219""|USA|0.0|10665|""1997-09-11 00:00:00""|""1997-10-09 00:00:00""|""1997-09-17 00:00:00""|United Package|51|Manjimup Dried Apples|53.0000|20|0.0|1060.0|26.3100",,
"Lonesome Pine Restaurant|""89 Chiaroscuro Rd.""|Portland|OR|""97219""|USA|LONEP|Lonesome Pine Restaurant|""89 Chiaroscuro Rd.""|Portland|OR|""97219""|USA|0.0|10665|""1997-09-11 00:00:00""|""1997-10-09 00:00:00""|""1997-09-17 00:00:00""|United Package|59|Raclette Courdavault|55.0000|1|0.0|55.0|26.3100",,
"Lonesome Pine Restaurant|""89 Chiaroscuro Rd.""|Portland|OR|""97219""|USA|LONEP|Lonesome Pine Restaurant|""89 Chiaroscuro Rd.""|Portland|OR|""97219""|USA|0.0|10665|""1997-09-11 00:00:00""|""1997-10-09 00:00:00""|""1997-09-17 00:00:00""|United Package|76|Lakkalikri|18.0000|10|0.0|180.0|26.3100",,
"Die Wandernde Kuh|Adenauerallee 900|Stuttgart||""70563""|Germany|WANDK|Die Wandernde Kuh|Adenauerallee 900|Stuttgart||""70563""|Germany|0.0|10668|""1997-09-15 00:00:00""|""1997-10-13 00:00:00""|""1997-09-23 00:00:00""|United Package|31|Gorgonzola Telino|12.5000|8|0.0|100.0|47.2200",,
"Die Wandernde Kuh|Adenauerallee 900|Stuttgart||""70563""|Germany|WANDK|Die Wandernde Kuh|Adenauerallee 900|Stuttgart||""70563""|Germany|0.0|10668|""1997-09-15 00:00:00""|""1997-10-13 00:00:00""|""1997-09-23 00:00:00""|United Package|55|Pt chinois|24.0000|4|0.0|96.0|47.2200",,
"Die Wandernde Kuh|Adenauerallee 900|Stuttgart||""70563""|Germany|WANDK|Die Wandernde Kuh|Adenauerallee 900|Stuttgart||""70563""|Germany|0.0|10668|""1997-09-15 00:00:00""|""1997-10-13 00:00:00""|""1997-09-23 00:00:00""|United Package|64|Wimmers gute Semmelkndel|33.2500|15|0.0|498.0|47.2200",,
"Berglunds snabbkp|Berguvsvgen 8|Lule||S-958 22|Sweden|BERGS|Berglunds snabbkp|Berguvsvgen  8|Lule||S-958 22|Sweden|0.0|10689|""1997-10-01 00:00:00""|""1997-10-29 00:00:00""|""1997-10-07 00:00:00""|United Package|1|Chai|18.0000|35|0.0|630.0|13.4200",,
"Frankenversand|Berliner Platz 43|Mnchen||""80805""|Germany|FRANK|Frankenversand|Berliner Platz 43|Mnchen||""80805""|Germany|0.0|10717|""1997-10-24 00:00:00""|""1997-11-21 00:00:00""|""1997-10-29 00:00:00""|United Package|21|Sir Rodney's Scones|10.0000|32|0.0|320.0|59.2500",,
"Frankenversand|Berliner Platz 43|Mnchen||""80805""|Germany|FRANK|Frankenversand|Berliner Platz 43|Mnchen||""80805""|Germany|0.0|10717|""1997-10-24 00:00:00""|""1997-11-21 00:00:00""|""1997-10-29 00:00:00""|United Package|54|Tourtire|7.4500|15|0.0|111.0|59.2500",,
"Frankenversand|Berliner Platz 43|Mnchen||""80805""|Germany|FRANK|Frankenversand|Berliner Platz 43|Mnchen||""80805""|Germany|0.0|10717|""1997-10-24 00:00:00""|""1997-11-21 00:00:00""|""1997-10-29 00:00:00""|United Package|69|Gudbrandsdalsost|36.0000|25|0.0|900.0|59.2500",,
"Around the Horn|Brook Farm Stratford St. Mary|Colchester|Essex|CO7 6JX|UK|AROUT|Around the Horn|""120 Hanover Sq.""|London||WA1 1DP|UK|0.0|10743|""1997-11-17 00:00:00""|""1997-12-15 00:00:00""|""1997-11-21 00:00:00""|United Package|46|Spegesild|12.0000|28|0.0|336.0|23.7200",,
"QUICK-Stop|Taucherstrae 10|Cunewalde||""1307""|Germany|QUICK|QUICK-Stop|Taucherstrae 10|Cunewalde||""01307""|Germany|0.0|10788|""1997-12-22 00:00:00""|""1998-01-19 00:00:00""|""1998-01-19 00:00:00""|United Package|19|Teatime Chocolate Biscuits|9.2000|50|0.0|460.0|42.7000",,
"QUICK-Stop|Taucherstrae 10|Cunewalde||""1307""|Germany|QUICK|QUICK-Stop|Taucherstrae 10|Cunewalde||""01307""|Germany|0.0|10788|""1997-12-22 00:00:00""|""1998-01-19 00:00:00""|""1998-01-19 00:00:00""|United Package|75|Rhnbru Klosterbier|7.7500|40|0.0|310.0|42.7000",,
"Folies gourmandes|""184"," chausse de Tournai""|Lille||""59000""|France|FOLIG|Folies gourmandes|""184"," chausse de Tournai""|Lille||""59000""|France|0.0|10789|""1997-12-22 00:00:00""|""1998-01-19 00:00:00""|""1997-12-31 00:00:00""|United Package|18|Carnarvon Tigers|62.5000|30|0.0|1875.0|100.6000"
"Folies gourmandes|""184"," chausse de Tournai""|Lille||""59000""|France|FOLIG|Folies gourmandes|""184"," chausse de Tournai""|Lille||""59000""|France|0.0|10789|""1997-12-22 00:00:00""|""1998-01-19 00:00:00""|""1997-12-31 00:00:00""|United Package|35|Steeleye Stout|18.0000|15|0.0|270.0|100.6000"
"Folies gourmandes|""184"," chausse de Tournai""|Lille||""59000""|France|FOLIG|Folies gourmandes|""184"," chausse de Tournai""|Lille||""59000""|France|0.0|10789|""1997-12-22 00:00:00""|""1998-01-19 00:00:00""|""1997-12-31 00:00:00""|United Package|63|Vegie-spread|43.9000|30|0.0|1317.0|100.6000"
"Folies gourmandes|""184"," chausse de Tournai""|Lille||""59000""|France|FOLIG|Folies gourmandes|""184"," chausse de Tournai""|Lille||""59000""|France|0.0|10789|""1997-12-22 00:00:00""|""1998-01-19 00:00:00""|""1997-12-31 00:00:00""|United Package|68|Scottish Longbreads|12.5000|18|0.0|225.0|100.6000"
"Bon app-|""12"," rue des Bouchers""|Marseille||""13008""|France|BONAP|Bon app'|""12"," rue des Bouchers""|Marseille||""13008""|France|0.0|10827|""1998-01-12 00:00:00""|""1998-01-26 00:00:00""|""1998-02-06 00:00:00""|United Package|10|Ikura|31.0000|15|0.0|465.0|63.5400"
"Bon app-|""12"," rue des Bouchers""|Marseille||""13008""|France|BONAP|Bon app'|""12"," rue des Bouchers""|Marseille||""13008""|France|0.0|10827|""1998-01-12 00:00:00""|""1998-01-26 00:00:00""|""1998-02-06 00:00:00""|United Package|39|Chartreuse verte|18.0000|21|0.0|378.0|63.5400"
"Frankenversand|Berliner Platz 43|Mnchen||""80805""|Germany|FRANK|Frankenversand|Berliner Platz 43|Mnchen||""80805""|Germany|0.0|10859|""1998-01-29 00:00:00""|""1998-02-26 00:00:00""|""1998-02-02 00:00:00""|United Package|24|Guaran Fantstica|4.5000|40|0.0|180.0|76.1000",,
"Frankenversand|Berliner Platz 43|Mnchen||""80805""|Germany|FRANK|Frankenversand|Berliner Platz 43|Mnchen||""80805""|Germany|0.0|10859|""1998-01-29 00:00:00""|""1998-02-26 00:00:00""|""1998-02-02 00:00:00""|United Package|54|Tourtire|7.4500|35|0.0|260.0|76.1000",,
"Frankenversand|Berliner Platz 43|Mnchen||""80805""|Germany|FRANK|Frankenversand|Berliner Platz 43|Mnchen||""80805""|Germany|0.0|10859|""1998-01-29 00:00:00""|""1998-02-26 00:00:00""|""1998-02-02 00:00:00""|United Package|64|Wimmers gute Semmelkndel|33.2500|30|0.0|997.0|76.1000",,
Godos Cocina Tpica|C/ Romero," 33|Sevilla||""41101""|Spain|GODOS|Godos Cocina Tpica|C/ Romero"," 33|Sevilla||""41101""|Spain|0.0|10888|""1998-02-16 00:00:00""|""1998-03-16 00:00:00""|""1998-02-23 00:00:00""|United Package|2|Chang|19.0000|20|0.0|380.0|51.8700"
Godos Cocina Tpica|C/ Romero," 33|Sevilla||""41101""|Spain|GODOS|Godos Cocina Tpica|C/ Romero"," 33|Sevilla||""41101""|Spain|0.0|10888|""1998-02-16 00:00:00""|""1998-03-16 00:00:00""|""1998-02-23 00:00:00""|United Package|68|Scottish Longbreads|12.5000|18|0.0|225.0|51.8700"
Wellington Importadora|Rua do Mercado," 12|Resende|SP|""08737-363""|Brazil|WELLI|Wellington Importadora|Rua do Mercado"," 12|Resende|SP|""08737-363""|Brazil|0.0|10900|""1998-02-20 00:00:00""|""1998-03-20 00:00:00""|""1998-03-04 00:00:00""|United Package|70|Outback Lager|15.0000|3|0.0|45.0|1.6600"
"Sant Gourmet|Erling Skakkes gate 78|Stavern||""4110""|Norway|SANTG|Sant Gourmet|Erling Skakkes gate 78|Stavern||""4110""|Norway|0.0|10909|""1998-02-26 00:00:00""|""1998-03-26 00:00:00""|""1998-03-10 00:00:00""|United Package|7|Uncle Bob's Organic Dried Pears|30.0000|12|0.0|360.0|53.0500",,
"Sant Gourmet|Erling Skakkes gate 78|Stavern||""4110""|Norway|SANTG|Sant Gourmet|Erling Skakkes gate 78|Stavern||""4110""|Norway|0.0|10909|""1998-02-26 00:00:00""|""1998-03-26 00:00:00""|""1998-03-10 00:00:00""|United Package|16|Pavlova|17.4500|15|0.0|261.0|53.0500",,
"Sant Gourmet|Erling Skakkes gate 78|Stavern||""4110""|Norway|SANTG|Sant Gourmet|Erling Skakkes gate 78|Stavern||""4110""|Norway|0.0|10909|""1998-02-26 00:00:00""|""1998-03-26 00:00:00""|""1998-03-10 00:00:00""|United Package|41|Jack's New England Clam Chowder|9.6500|5|0.0|48.0|53.0500",,
"Rancho grande|Av. del Libertador 900|Buenos Aires||""1010""|Argentina|RANCH|Rancho grande|Av. del Libertador 900|Buenos Aires||""1010""|Argentina|0.0|10916|""1998-02-27 00:00:00""|""1998-03-27 00:00:00""|""1998-03-09 00:00:00""|United Package|16|Pavlova|17.4500|6|0.0|104.0|63.7700",,
"Rancho grande|Av. del Libertador 900|Buenos Aires||""1010""|Argentina|RANCH|Rancho grande|Av. del Libertador 900|Buenos Aires||""1010""|Argentina|0.0|10916|""1998-02-27 00:00:00""|""1998-03-27 00:00:00""|""1998-03-09 00:00:00""|United Package|32|Mascarpone Fabioli|32.0000|6|0.0|192.0|63.7700",,
"Rancho grande|Av. del Libertador 900|Buenos Aires||""1010""|Argentina|RANCH|Rancho grande|Av. del Libertador 900|Buenos Aires||""1010""|Argentina|0.0|10916|""1998-02-27 00:00:00""|""1998-03-27 00:00:00""|""1998-03-09 00:00:00""|United Package|57|Ravioli Angelo|19.5000|20|0.0|390.0|63.7700",,
"Vaffeljernet|Smagsloget 45|rhus||""8200""|Denmark|VAFFE|Vaffeljernet|Smagsloget 45|rhus||""8200""|Denmark|0.0|10946|""1998-03-12 00:00:00""|""1998-04-09 00:00:00""|""1998-03-19 00:00:00""|United Package|10|Ikura|31.0000|25|0.0|775.0|27.2000",,
"Vaffeljernet|Smagsloget 45|rhus||""8200""|Denmark|VAFFE|Vaffeljernet|Smagsloget 45|rhus||""8200""|Denmark|0.0|10946|""1998-03-12 00:00:00""|""1998-04-09 00:00:00""|""1998-03-19 00:00:00""|United Package|24|Guaran Fantstica|4.5000|25|0.0|112.0|27.2000",,
"Vaffeljernet|Smagsloget 45|rhus||""8200""|Denmark|VAFFE|Vaffeljernet|Smagsloget 45|rhus||""8200""|Denmark|0.0|10946|""1998-03-12 00:00:00""|""1998-04-09 00:00:00""|""1998-03-19 00:00:00""|United Package|77|Original Frankfurter grne Soe|13.0000|40|0.0|520.0|27.2000",,
"Magazzini Alimentari Riuniti|Via Ludovico il Moro 22|Bergamo||""24100""|Italy|MAGAA|Magazzini Alimentari Riuniti|Via Ludovico il Moro 22|Bergamo||""24100""|Italy|0.0|10950|""1998-03-16 00:00:00""|""1998-04-13 00:00:00""|""1998-03-23 00:00:00""|United Package|4|Chef Anton's Cajun Seasoning|22.0000|5|0.0|110.0|2.5000",,
Comrcio Mineiro|Av. dos Lusadas," 23|Sao Paulo|SP|""05432-043""|Brazil|COMMI|Comrcio Mineiro|Av. dos Lusadas"," 23|Sao Paulo|SP|""05432-043""|Brazil|0.0|10969|""1998-03-23 00:00:00""|""1998-04-20 00:00:00""|""1998-03-30 00:00:00""|United Package|46|Spegesild|12.0000|9|0.0|108.0|0.2100"
Hanari Carnes|Rua do Pao," 67|Rio de Janeiro|RJ|""05454-876""|Brazil|HANAR|Hanari Carnes|Rua do Pao"," 67|Rio de Janeiro|RJ|""05454-876""|Brazil|0.0|10981|""1998-03-27 00:00:00""|""1998-04-24 00:00:00""|""1998-04-02 00:00:00""|United Package|38|Cte de Blaye|263.5000|60|0.0|15810.0|193.3700"
"B-s Beverages|Fauntleroy Circus|London||EC2 5NT|UK|BSBEV|B's Beverages|Fauntleroy Circus|London||EC2 5NT|UK|0.0|11023|""1998-04-14 00:00:00""|""1998-04-28 00:00:00""|""1998-04-24 00:00:00""|United Package|7|Uncle Bob's Organic Dried Pears|30.0000|4|0.0|120.0|123.8300",,
"B-s Beverages|Fauntleroy Circus|London||EC2 5NT|UK|BSBEV|B's Beverages|Fauntleroy Circus|London||EC2 5NT|UK|0.0|11023|""1998-04-14 00:00:00""|""1998-04-28 00:00:00""|""1998-04-24 00:00:00""|United Package|43|Ipoh Coffee|46.0000|30|0.0|1380.0|123.8300",,
Suprmes dlices|Boulevard Tirou, 255|Charleroi||B-6000|Belgium|SUPRD|Suprmes dlices|Boulevard Tirou," 255|Charleroi||B-6000|Belgium|0.0|11038|""1998-04-21 00:00:00""|""1998-05-19 00:00:00""|""1998-04-30 00:00:00""|United Package|40|Boston Crab Meat|18.4000|5|0.0|92.0|29.5900"
Suprmes dlices|Boulevard Tirou, 255|Charleroi||B-6000|Belgium|SUPRD|Suprmes dlices|Boulevard Tirou," 255|Charleroi||B-6000|Belgium|0.0|11038|""1998-04-21 00:00:00""|""1998-05-19 00:00:00""|""1998-04-30 00:00:00""|United Package|52|Filo Mix|7.0000|2|0.0|14.0|29.5900"
Suprmes dlices|Boulevard Tirou, 255|Charleroi||B-6000|Belgium|SUPRD|Suprmes dlices|Boulevard Tirou," 255|Charleroi||B-6000|Belgium|0.0|11038|""1998-04-21 00:00:00""|""1998-05-19 00:00:00""|""1998-04-30 00:00:00""|United Package|71|Flotemysost|21.5000|30|0.0|645.0|29.5900"
"LINO-Delicateses|Ave. 5 de Mayo Porlamar|I. de Margarita|Nueva Esparta|""4980""|Venezuela|LINOD|LINO-Delicateses|Ave. 5 de Mayo Porlamar|I. de Margarita|Nueva Esparta|""4980""|Venezuela|0.0|11039|""1998-04-21 00:00:00""|""1998-05-19 00:00:00""||United Package|28|Rssle Sauerkraut|45.6000|20|0.0|912.0|65.0000",,
"LINO-Delicateses|Ave. 5 de Mayo Porlamar|I. de Margarita|Nueva Esparta|""4980""|Venezuela|LINOD|LINO-Delicateses|Ave. 5 de Mayo Porlamar|I. de Margarita|Nueva Esparta|""4980""|Venezuela|0.0|11039|""1998-04-21 00:00:00""|""1998-05-19 00:00:00""||United Package|35|Steeleye Stout|18.0000|24|0.0|432.0|65.0000",,
"LINO-Delicateses|Ave. 5 de Mayo Porlamar|I. de Margarita|Nueva Esparta|""4980""|Venezuela|LINOD|LINO-Delicateses|Ave. 5 de Mayo Porlamar|I. de Margarita|Nueva Esparta|""4980""|Venezuela|0.0|11039|""1998-04-21 00:00:00""|""1998-05-19 00:00:00""||United Package|49|Maxilaku|20.0000|60|0.0|1200.0|65.0000",,
"LINO-Delicateses|Ave. 5 de Mayo Porlamar|I. de Margarita|Nueva Esparta|""4980""|Venezuela|LINOD|LINO-Delicateses|Ave. 5 de Mayo Porlamar|I. de Margarita|Nueva Esparta|""4980""|Venezuela|0.0|11039|""1998-04-21 00:00:00""|""1998-05-19 00:00:00""||United Package|57|Ravioli Angelo|19.5000|28|0.0|546.0|65.0000",,
"Drachenblut Delikatessen|Walserweg 21|Aachen||""52066""|Germany|DRACD|Drachenblut Delikatessen|Walserweg 21|Aachen||""52066""|Germany|0.0|11067|""1998-05-04 00:00:00""|""1998-05-18 00:00:00""|""1998-05-06 00:00:00""|United Package|41|Jack's New England Clam Chowder|9.6500|9|0.0|86.0|7.9800",,
"Tortuga Restaurante|Avda. Azteca 123|Mxico D.F.||""5033""|Mexico|TORTU|Tortuga Restaurante|Avda. Azteca 123|Mxico D.F.||""05033""|Mexico|0.0|11069|""1998-05-04 00:00:00""|""1998-06-01 00:00:00""|""1998-05-06 00:00:00""|United Package|39|Chartreuse verte|18.0000|20|0.0|360.0|15.6700",,
"Rattlesnake Canyon Grocery|""2817 Milton Dr.""|Albuquerque|NM|""87110""|USA|RATTC|Rattlesnake Canyon Grocery|""2817 Milton Dr.""|Albuquerque|NM|""87110""|USA|0.0|11077|""1998-05-06 00:00:00""|""1998-06-03 00:00:00""||United Package|2|Chang|19.0000|24|0.0|456.0|8.5300",,
"Rattlesnake Canyon Grocery|""2817 Milton Dr.""|Albuquerque|NM|""87110""|USA|RATTC|Rattlesnake Canyon Grocery|""2817 Milton Dr.""|Albuquerque|NM|""87110""|USA|0.0|11077|""1998-05-06 00:00:00""|""1998-06-03 00:00:00""||United Package|3|Aniseed Syrup|10.0000|4|0.0|40.0|8.5300",,
"Rattlesnake Canyon Grocery|""2817 Milton Dr.""|Albuquerque|NM|""87110""|USA|RATTC|Rattlesnake Canyon Grocery|""2817 Milton Dr.""|Albuquerque|NM|""87110""|USA|0.0|11077|""1998-05-06 00:00:00""|""1998-06-03 00:00:00""||United Package|4|Chef Anton's Cajun Seasoning|22.0000|1|0.0|22.0|8.5300",,
"Rattlesnake Canyon Grocery|""2817 Milton Dr.""|Albuquerque|NM|""87110""|USA|RATTC|Rattlesnake Canyon Grocery|""2817 Milton Dr.""|Albuquerque|NM|""87110""|USA|0.0|11077|""1998-05-06 00:00:00""|""1998-06-03 00:00:00""||United Package|6|Grandma's Boysenberry Spread|25.0000|1|0.0|25.0|8.5300",,
"Rattlesnake Canyon Grocery|""2817 Milton Dr.""|Albuquerque|NM|""87110""|USA|RATTC|Rattlesnake Canyon Grocery|""2817 Milton Dr.""|Albuquerque|NM|""87110""|USA|0.0|11077|""1998-05-06 00:00:00""|""1998-06-03 00:00:00""||United Package|7|Uncle Bob's Organic Dried Pears|30.0000|1|0.0|30.0|8.5300",,
"Rattlesnake Canyon Grocery|""2817 Milton Dr.""|Albuquerque|NM|""87110""|USA|RATTC|Rattlesnake Canyon Grocery|""2817 Milton Dr.""|Albuquerque|NM|""87110""|USA|0.0|11077|""1998-05-06 00:00:00""|""1998-06-03 00:00:00""||United Package|8|Northwoods Cranberry Sauce|40.0000|2|0.0|80.0|8.5300",,
"Rattlesnake Canyon Grocery|""2817 Milton Dr.""|Albuquerque|NM|""87110""|USA|RATTC|Rattlesnake Canyon Grocery|""2817 Milton Dr.""|Albuquerque|NM|""87110""|USA|0.0|11077|""1998-05-06 00:00:00""|""1998-06-03 00:00:00""||United Package|10|Ikura|31.0000|1|0.0|31.0|8.5300",,
"Rattlesnake Canyon Grocery|""2817 Milton Dr.""|Albuquerque|NM|""87110""|USA|RATTC|Rattlesnake Canyon Grocery|""2817 Milton Dr.""|Albuquerque|NM|""87110""|USA|0.0|11077|""1998-05-06 00:00:00""|""1998-06-03 00:00:00""||United Package|12|Queso Manchego La Pastora|38.0000|2|0.0|76.0|8.5300",,
"Rattlesnake Canyon Grocery|""2817 Milton Dr.""|Albuquerque|NM|""87110""|USA|RATTC|Rattlesnake Canyon Grocery|""2817 Milton Dr.""|Albuquerque|NM|""87110""|USA|0.0|11077|""1998-05-06 00:00:00""|""1998-06-03 00:00:00""||United Package|13|Konbu|6.0000|4|0.0|24.0|8.5300",,
"Rattlesnake Canyon Grocery|""2817 Milton Dr.""|Albuquerque|NM|""87110""|USA|RATTC|Rattlesnake Canyon Grocery|""2817 Milton Dr.""|Albuquerque|NM|""87110""|USA|0.0|11077|""1998-05-06 00:00:00""|""1998-06-03 00:00:00""||United Package|14|Tofu|23.2500|1|0.0|23.0|8.5300",,
"Rattlesnake Canyon Grocery|""2817 Milton Dr.""|Albuquerque|NM|""87110""|USA|RATTC|Rattlesnake Canyon Grocery|""2817 Milton Dr.""|Albuquerque|NM|""87110""|USA|0.0|11077|""1998-05-06 00:00:00""|""1998-06-03 00:00:00""||United Package|16|Pavlova|17.4500|2|0.0|34.0|8.5300",,
"Rattlesnake Canyon Grocery|""2817 Milton Dr.""|Albuquerque|NM|""87110""|USA|RATTC|Rattlesnake Canyon Grocery|""2817 Milton Dr.""|Albuquerque|NM|""87110""|USA|0.0|11077|""1998-05-06 00:00:00""|""1998-06-03 00:00:00""||United Package|20|Sir Rodney's Marmalade|81.0000|1|0.0|81.0|8.5300",,
"Rattlesnake Canyon Grocery|""2817 Milton Dr.""|Albuquerque|NM|""87110""|USA|RATTC|Rattlesnake Canyon Grocery|""2817 Milton Dr.""|Albuquerque|NM|""87110""|USA|0.0|11077|""1998-05-06 00:00:00""|""1998-06-03 00:00:00""||United Package|23|Tunnbrd|9.0000|2|0.0|18.0|8.5300",,
"Rattlesnake Canyon Grocery|""2817 Milton Dr.""|Albuquerque|NM|""87110""|USA|RATTC|Rattlesnake Canyon Grocery|""2817 Milton Dr.""|Albuquerque|NM|""87110""|USA|0.0|11077|""1998-05-06 00:00:00""|""1998-06-03 00:00:00""||United Package|32|Mascarpone Fabioli|32.0000|1|0.0|32.0|8.5300",,
"Rattlesnake Canyon Grocery|""2817 Milton Dr.""|Albuquerque|NM|""87110""|USA|RATTC|Rattlesnake Canyon Grocery|""2817 Milton Dr.""|Albuquerque|NM|""87110""|USA|0.0|11077|""1998-05-06 00:00:00""|""1998-06-03 00:00:00""||United Package|39|Chartreuse verte|18.0000|2|0.0|36.0|8.5300",,
"Rattlesnake Canyon Grocery|""2817 Milton Dr.""|Albuquerque|NM|""87110""|USA|RATTC|Rattlesnake Canyon Grocery|""2817 Milton Dr.""|Albuquerque|NM|""87110""|USA|0.0|11077|""1998-05-06 00:00:00""|""1998-06-03 00:00:00""||United Package|41|Jack's New England Clam Chowder|9.6500|3|0.0|28.0|8.5300",,
"Rattlesnake Canyon Grocery|""2817 Milton Dr.""|Albuquerque|NM|""87110""|USA|RATTC|Rattlesnake Canyon Grocery|""2817 Milton Dr.""|Albuquerque|NM|""87110""|USA|0.0|11077|""1998-05-06 00:00:00""|""1998-06-03 00:00:00""||United Package|46|Spegesild|12.0000|3|0.0|36.0|8.5300",,
"Rattlesnake Canyon Grocery|""2817 Milton Dr.""|Albuquerque|NM|""87110""|USA|RATTC|Rattlesnake Canyon Grocery|""2817 Milton Dr.""|Albuquerque|NM|""87110""|USA|0.0|11077|""1998-05-06 00:00:00""|""1998-06-03 00:00:00""||United Package|52|Filo Mix|7.0000|2|0.0|14.0|8.5300",,
"Rattlesnake Canyon Grocery|""2817 Milton Dr.""|Albuquerque|NM|""87110""|USA|RATTC|Rattlesnake Canyon Grocery|""2817 Milton Dr.""|Albuquerque|NM|""87110""|USA|0.0|11077|""1998-05-06 00:00:00""|""1998-06-03 00:00:00""||United Package|55|Pt chinois|24.0000|2|0.0|48.0|8.5300",,
"Rattlesnake Canyon Grocery|""2817 Milton Dr.""|Albuquerque|NM|""87110""|USA|RATTC|Rattlesnake Canyon Grocery|""2817 Milton Dr.""|Albuquerque|NM|""87110""|USA|0.0|11077|""1998-05-06 00:00:00""|""1998-06-03 00:00:00""||United Package|60|Camembert Pierrot|34.0000|2|0.0|68.0|8.5300",,
"Rattlesnake Canyon Grocery|""2817 Milton Dr.""|Albuquerque|NM|""87110""|USA|RATTC|Rattlesnake Canyon Grocery|""2817 Milton Dr.""|Albuquerque|NM|""87110""|USA|0.0|11077|""1998-05-06 00:00:00""|""1998-06-03 00:00:00""||United Package|64|Wimmers gute Semmelkndel|33.2500|2|0.0|66.0|8.5300",,
"Rattlesnake Canyon Grocery|""2817 Milton Dr.""|Albuquerque|NM|""87110""|USA|RATTC|Rattlesnake Canyon Grocery|""2817 Milton Dr.""|Albuquerque|NM|""87110""|USA|0.0|11077|""1998-05-06 00:00:00""|""1998-06-03 00:00:00""||United Package|66|Louisiana Hot Spiced Okra|17.0000|1|0.0|17.0|8.5300",,
"Rattlesnake Canyon Grocery|""2817 Milton Dr.""|Albuquerque|NM|""87110""|USA|RATTC|Rattlesnake Canyon Grocery|""2817 Milton Dr.""|Albuquerque|NM|""87110""|USA|0.0|11077|""1998-05-06 00:00:00""|""1998-06-03 00:00:00""||United Package|73|Rd Kaviar|15.0000|2|0.0|30.0|8.5300",,
"Rattlesnake Canyon Grocery|""2817 Milton Dr.""|Albuquerque|NM|""87110""|USA|RATTC|Rattlesnake Canyon Grocery|""2817 Milton Dr.""|Albuquerque|NM|""87110""|USA|0.0|11077|""1998-05-06 00:00:00""|""1998-06-03 00:00:00""||United Package|75|Rhnbru Klosterbier|7.7500|4|0.0|31.0|8.5300",,
"Rattlesnake Canyon Grocery|""2817 Milton Dr.""|Albuquerque|NM|""87110""|USA|RATTC|Rattlesnake Canyon Grocery|""2817 Milton Dr.""|Albuquerque|NM|""87110""|USA|0.0|11077|""1998-05-06 00:00:00""|""1998-06-03 00:00:00""||United Package|77|Original Frankfurter grne Soe|13.0000|2|0.0|26.0|8.5300",,
"Ernst Handel|Kirchgasse 6|Graz||""8010""|Austria|ERNSH|Ernst Handel|Kirchgasse 6|Graz||""8010""|Austria|0.0|10258|""1996-07-17 00:00:00""|""1996-08-14 00:00:00""|""1996-07-23 00:00:00""|Speedy Express|2|Chang|15.2000|50|0.0|760.0|140.5100",,
"Ernst Handel|Kirchgasse 6|Graz||""8010""|Austria|ERNSH|Ernst Handel|Kirchgasse 6|Graz||""8010""|Austria|0.0|10258|""1996-07-17 00:00:00""|""1996-08-14 00:00:00""|""1996-07-23 00:00:00""|Speedy Express|5|Chef Anton's Gumbo Mix|17.0000|65|0.0|1105.0|140.5100",,
"Ernst Handel|Kirchgasse 6|Graz||""8010""|Austria|ERNSH|Ernst Handel|Kirchgasse 6|Graz||""8010""|Austria|0.0|10258|""1996-07-17 00:00:00""|""1996-08-14 00:00:00""|""1996-07-23 00:00:00""|Speedy Express|32|Mascarpone Fabioli|25.6000|6|0.0|153.0|140.5100",,
"Wartian Herkku|Torikatu 38|Oulu||""90110""|Finland|WARTH|Wartian Herkku|Torikatu 38|Oulu||""90110""|Finland|0.0|10270|""1996-08-01 00:00:00""|""1996-08-29 00:00:00""|""1996-08-02 00:00:00""|Speedy Express|36|Inlagd Sill|15.2000|30|0.0|456.0|136.5400",,
"Wartian Herkku|Torikatu 38|Oulu||""90110""|Finland|WARTH|Wartian Herkku|Torikatu 38|Oulu||""90110""|Finland|0.0|10270|""1996-08-01 00:00:00""|""1996-08-29 00:00:00""|""1996-08-02 00:00:00""|Speedy Express|43|Ipoh Coffee|36.8000|25|0.0|920.0|136.5400",,
"Magazzini Alimentari Riuniti|Via Ludovico il Moro 22|Bergamo||""24100""|Italy|MAGAA|Magazzini Alimentari Riuniti|Via Ludovico il Moro 22|Bergamo||""24100""|Italy|0.0|10275|""1996-08-07 00:00:00""|""1996-09-04 00:00:00""|""1996-08-09 00:00:00""|Speedy Express|24|Guaran Fantstica|3.6000|12|0.0|43.0|26.9300",,
"Magazzini Alimentari Riuniti|Via Ludovico il Moro 22|Bergamo||""24100""|Italy|MAGAA|Magazzini Alimentari Riuniti|Via Ludovico il Moro 22|Bergamo||""24100""|Italy|0.0|10275|""1996-08-07 00:00:00""|""1996-09-04 00:00:00""|""1996-08-09 00:00:00""|Speedy Express|59|Raclette Courdavault|44.0000|6|0.0|264.0|26.9300",,
"Ernst Handel|Kirchgasse 6|Graz||""8010""|Austria|ERNSH|Ernst Handel|Kirchgasse 6|Graz||""8010""|Austria|0.0|10351|""1996-11-11 00:00:00""|""1996-12-09 00:00:00""|""1996-11-20 00:00:00""|Speedy Express|38|Cte de Blaye|210.8000|20|0.0|4216.0|162.3300",,
"Ernst Handel|Kirchgasse 6|Graz||""8010""|Austria|ERNSH|Ernst Handel|Kirchgasse 6|Graz||""8010""|Austria|0.0|10351|""1996-11-11 00:00:00""|""1996-12-09 00:00:00""|""1996-11-20 00:00:00""|Speedy Express|41|Jack's New England Clam Chowder|7.7000|13|0.0|100.0|162.3300",,
"Ernst Handel|Kirchgasse 6|Graz||""8010""|Austria|ERNSH|Ernst Handel|Kirchgasse 6|Graz||""8010""|Austria|0.0|10351|""1996-11-11 00:00:00""|""1996-12-09 00:00:00""|""1996-11-20 00:00:00""|Speedy Express|44|Gula Malacca|15.5000|77|0.0|1193.0|162.3300",,
"Ernst Handel|Kirchgasse 6|Graz||""8010""|Austria|ERNSH|Ernst Handel|Kirchgasse 6|Graz||""8010""|Austria|0.0|10351|""1996-11-11 00:00:00""|""1996-12-09 00:00:00""|""1996-11-20 00:00:00""|Speedy Express|65|Louisiana Fiery Hot Pepper Sauce|16.8000|10|0.0|168.0|162.3300",,
"Eastern Connection|""35 King George""|London||WX3 6FW|UK|EASTC|Eastern Connection|""35 King George""|London||WX3 6FW|UK|0.0|10364|""1996-11-26 00:00:00""|""1997-01-07 00:00:00""|""1996-12-04 00:00:00""|Speedy Express|69|Gudbrandsdalsost|28.8000|30|0.0|864.0|71.9700",,
"Eastern Connection|""35 King George""|London||WX3 6FW|UK|EASTC|Eastern Connection|""35 King George""|London||WX3 6FW|UK|0.0|10364|""1996-11-26 00:00:00""|""1997-01-07 00:00:00""|""1996-12-04 00:00:00""|Speedy Express|71|Flotemysost|17.2000|5|0.0|86.0|71.9700",,
"La maison d-Asie|""1 rue Alsace-Lorraine""|Toulouse||""31000""|France|LAMAI|La maison d'Asie|""1 rue Alsace-Lorraine""|Toulouse||""31000""|France|0.0|10371|""1996-12-03 00:00:00""|""1996-12-31 00:00:00""|""1996-12-24 00:00:00""|Speedy Express|36|Inlagd Sill|15.2000|6|0.0|91.0|0.4500",,
"Rattlesnake Canyon Grocery|""2817 Milton Dr.""|Albuquerque|NM|""87110""|USA|RATTC|Rattlesnake Canyon Grocery|""2817 Milton Dr.""|Albuquerque|NM|""87110""|USA|0.0|10401|""1997-01-01 00:00:00""|""1997-01-29 00:00:00""|""1997-01-10 00:00:00""|Speedy Express|30|Nord-Ost Matjeshering|20.7000|18|0.0|372.0|12.5100",,
"Rattlesnake Canyon Grocery|""2817 Milton Dr.""|Albuquerque|NM|""87110""|USA|RATTC|Rattlesnake Canyon Grocery|""2817 Milton Dr.""|Albuquerque|NM|""87110""|USA|0.0|10401|""1997-01-01 00:00:00""|""1997-01-29 00:00:00""|""1997-01-10 00:00:00""|Speedy Express|56|Gnocchi di nonna Alice|30.4000|70|0.0|2128.0|12.5100",,
"Rattlesnake Canyon Grocery|""2817 Milton Dr.""|Albuquerque|NM|""87110""|USA|RATTC|Rattlesnake Canyon Grocery|""2817 Milton Dr.""|Albuquerque|NM|""87110""|USA|0.0|10401|""1997-01-01 00:00:00""|""1997-01-29 00:00:00""|""1997-01-10 00:00:00""|Speedy Express|65|Louisiana Fiery Hot Pepper Sauce|16.8000|20|0.0|336.0|12.5100",,
"Rattlesnake Canyon Grocery|""2817 Milton Dr.""|Albuquerque|NM|""87110""|USA|RATTC|Rattlesnake Canyon Grocery|""2817 Milton Dr.""|Albuquerque|NM|""87110""|USA|0.0|10401|""1997-01-01 00:00:00""|""1997-01-29 00:00:00""|""1997-01-10 00:00:00""|Speedy Express|71|Flotemysost|17.2000|60|0.0|1032.0|12.5100",,
"LINO-Delicateses|Ave. 5 de Mayo Porlamar|I. de Margarita|Nueva Esparta|""4980""|Venezuela|LINOD|LINO-Delicateses|Ave. 5 de Mayo Porlamar|I. de Margarita|Nueva Esparta|""4980""|Venezuela|0.0|10405|""1997-01-06 00:00:00""|""1997-02-03 00:00:00""|""1997-01-22 00:00:00""|Speedy Express|3|Aniseed Syrup|8.0000|50|0.0|400.0|34.8200",,
"White Clover Markets|""1029 - 12th Ave. S.""|Seattle|WA|""98124""|USA|WHITC|White Clover Markets|""305 - 14th Ave. S. Suite 3B""|Seattle|WA|""98128""|USA|0.0|10469|""1997-03-10 00:00:00""|""1997-04-07 00:00:00""|""1997-03-14 00:00:00""|Speedy Express|2|Chang|15.2000|40|0.0|608.0|60.1800",,
"White Clover Markets|""1029 - 12th Ave. S.""|Seattle|WA|""98124""|USA|WHITC|White Clover Markets|""305 - 14th Ave. S. Suite 3B""|Seattle|WA|""98128""|USA|0.0|10469|""1997-03-10 00:00:00""|""1997-04-07 00:00:00""|""1997-03-14 00:00:00""|Speedy Express|16|Pavlova|13.9000|35|0.0|486.0|60.1800",,
"White Clover Markets|""1029 - 12th Ave. S.""|Seattle|WA|""98124""|USA|WHITC|White Clover Markets|""305 - 14th Ave. S. Suite 3B""|Seattle|WA|""98128""|USA|0.0|10469|""1997-03-10 00:00:00""|""1997-04-07 00:00:00""|""1997-03-14 00:00:00""|Speedy Express|44|Gula Malacca|15.5000|2|0.0|31.0|60.1800",,
"Richter Supermarkt|Starenweg 5|Genve||""1204""|Switzerland|RICSU|Richter Supermarkt|Grenzacherweg 237|Genve||""1203""|Switzerland|0.0|10537|""1997-05-14 00:00:00""|""1997-05-28 00:00:00""|""1997-05-19 00:00:00""|Speedy Express|31|Gorgonzola Telino|12.5000|30|0.0|375.0|78.8500",,
"Richter Supermarkt|Starenweg 5|Genve||""1204""|Switzerland|RICSU|Richter Supermarkt|Grenzacherweg 237|Genve||""1203""|Switzerland|0.0|10537|""1997-05-14 00:00:00""|""1997-05-28 00:00:00""|""1997-05-19 00:00:00""|Speedy Express|51|Manjimup Dried Apples|53.0000|6|0.0|318.0|78.8500",,
"Richter Supermarkt|Starenweg 5|Genve||""1204""|Switzerland|RICSU|Richter Supermarkt|Grenzacherweg 237|Genve||""1203""|Switzerland|0.0|10537|""1997-05-14 00:00:00""|""1997-05-28 00:00:00""|""1997-05-19 00:00:00""|Speedy Express|58|Escargots de Bourgogne|13.2500|20|0.0|265.0|78.8500",,
"Richter Supermarkt|Starenweg 5|Genve||""1204""|Switzerland|RICSU|Richter Supermarkt|Grenzacherweg 237|Genve||""1203""|Switzerland|0.0|10537|""1997-05-14 00:00:00""|""1997-05-28 00:00:00""|""1997-05-19 00:00:00""|Speedy Express|72|Mozzarella di Giovanni|34.8000|21|0.0|730.0|78.8500",,
"Richter Supermarkt|Starenweg 5|Genve||""1204""|Switzerland|RICSU|Richter Supermarkt|Grenzacherweg 237|Genve||""1203""|Switzerland|0.0|10537|""1997-05-14 00:00:00""|""1997-05-28 00:00:00""|""1997-05-19 00:00:00""|Speedy Express|73|Rd Kaviar|15.0000|9|0.0|135.0|78.8500",,
"Reggiani Caseifici|Strada Provinciale 124|Reggio Emilia||""42100""|Italy|REGGC|Reggiani Caseifici|Strada Provinciale 124|Reggio Emilia||""42100""|Italy|0.0|10562|""1997-06-09 00:00:00""|""1997-07-07 00:00:00""|""1997-06-12 00:00:00""|Speedy Express|33|Geitost|2.5000|20|0.0|50.0|22.9500",,
"Reggiani Caseifici|Strada Provinciale 124|Reggio Emilia||""42100""|Italy|REGGC|Reggiani Caseifici|Strada Provinciale 124|Reggio Emilia||""42100""|Italy|0.0|10562|""1997-06-09 00:00:00""|""1997-07-07 00:00:00""|""1997-06-12 00:00:00""|Speedy Express|62|Tarte au sucre|49.3000|10|0.0|493.0|22.9500",,
"Hungry Owl All-Night Grocers|""8 Johnstown Road""|Cork|Co. Cork||Ireland|HUNGO|Hungry Owl All-Night Grocers|""8 Johnstown Road""|Cork|Co. Cork||Ireland|0.0|10567|""1997-06-12 00:00:00""|""1997-07-10 00:00:00""|""1997-06-17 00:00:00""|Speedy Express|31|Gorgonzola Telino|12.5000|60|0.0|750.0|33.9700",,
"Hungry Owl All-Night Grocers|""8 Johnstown Road""|Cork|Co. Cork||Ireland|HUNGO|Hungry Owl All-Night Grocers|""8 Johnstown Road""|Cork|Co. Cork||Ireland|0.0|10567|""1997-06-12 00:00:00""|""1997-07-10 00:00:00""|""1997-06-17 00:00:00""|Speedy Express|51|Manjimup Dried Apples|53.0000|3|0.0|159.0|33.9700",,
"Hungry Owl All-Night Grocers|""8 Johnstown Road""|Cork|Co. Cork||Ireland|HUNGO|Hungry Owl All-Night Grocers|""8 Johnstown Road""|Cork|Co. Cork||Ireland|0.0|10567|""1997-06-12 00:00:00""|""1997-07-10 00:00:00""|""1997-06-17 00:00:00""|Speedy Express|59|Raclette Courdavault|55.0000|40|0.0|2200.0|33.9700",,
Que Delcia|Rua da Panificadora," 12|Rio de Janeiro|RJ|""02389-673""|Brazil|QUEDE|Que Delcia|Rua da Panificadora"," 12|Rio de Janeiro|RJ|""02389-673""|Brazil|0.0|10587|""1997-07-02 00:00:00""|""1997-07-30 00:00:00""|""1997-07-09 00:00:00""|Speedy Express|26|Gumbr Gummibrchen|31.2300|6|0.0|187.0|62.5200"
Que Delcia|Rua da Panificadora," 12|Rio de Janeiro|RJ|""02389-673""|Brazil|QUEDE|Que Delcia|Rua da Panificadora"," 12|Rio de Janeiro|RJ|""02389-673""|Brazil|0.0|10587|""1997-07-02 00:00:00""|""1997-07-30 00:00:00""|""1997-07-09 00:00:00""|Speedy Express|35|Steeleye Stout|18.0000|20|0.0|360.0|62.5200"
Que Delcia|Rua da Panificadora," 12|Rio de Janeiro|RJ|""02389-673""|Brazil|QUEDE|Que Delcia|Rua da Panificadora"," 12|Rio de Janeiro|RJ|""02389-673""|Brazil|0.0|10587|""1997-07-02 00:00:00""|""1997-07-30 00:00:00""|""1997-07-09 00:00:00""|Speedy Express|77|Original Frankfurter grne Soe|13.0000|20|0.0|260.0|62.5200"
"Vaffeljernet|Smagsloget 45|rhus||""8200""|Denmark|VAFFE|Vaffeljernet|Smagsloget 45|rhus||""8200""|Denmark|0.0|10591|""1997-07-07 00:00:00""|""1997-07-21 00:00:00""|""1997-07-16 00:00:00""|Speedy Express|3|Aniseed Syrup|10.0000|14|0.0|140.0|55.9200",,
"Vaffeljernet|Smagsloget 45|rhus||""8200""|Denmark|VAFFE|Vaffeljernet|Smagsloget 45|rhus||""8200""|Denmark|0.0|10591|""1997-07-07 00:00:00""|""1997-07-21 00:00:00""|""1997-07-16 00:00:00""|Speedy Express|7|Uncle Bob's Organic Dried Pears|30.0000|10|0.0|300.0|55.9200",,
"Vaffeljernet|Smagsloget 45|rhus||""8200""|Denmark|VAFFE|Vaffeljernet|Smagsloget 45|rhus||""8200""|Denmark|0.0|10591|""1997-07-07 00:00:00""|""1997-07-21 00:00:00""|""1997-07-16 00:00:00""|Speedy Express|54|Tourtire|7.4500|50|0.0|372.0|55.9200",,
"Furia Bacalhau e Frutos do Mar|Jardim das rosas n. 32|Lisboa||""1675""|Portugal|FURIB|Furia Bacalhau e Frutos do Mar|Jardim das rosas n. 32|Lisboa||""1675""|Portugal|0.0|10604|""1997-07-18 00:00:00""|""1997-08-15 00:00:00""|""1997-07-29 00:00:00""|Speedy Express|48|Chocolade|12.7500|6|0.0|76.0|7.4600",,
"Furia Bacalhau e Frutos do Mar|Jardim das rosas n. 32|Lisboa||""1675""|Portugal|FURIB|Furia Bacalhau e Frutos do Mar|Jardim das rosas n. 32|Lisboa||""1675""|Portugal|0.0|10604|""1997-07-18 00:00:00""|""1997-08-15 00:00:00""|""1997-07-29 00:00:00""|Speedy Express|76|Lakkalikri|18.0000|10|0.0|180.0|7.4600",,
"Mre Paillarde|""43 rue St. Laurent""|Montral|Qubec|H1J 1C3|Canada|MEREP|Mre Paillarde|""43 rue St. Laurent""|Montral|Qubec|H1J 1C3|Canada|0.0|10618|""1997-08-01 00:00:00""|""1997-09-12 00:00:00""|""1997-08-08 00:00:00""|Speedy Express|6|Grandma's Boysenberry Spread|25.0000|70|0.0|1750.0|154.6800",,
"Mre Paillarde|""43 rue St. Laurent""|Montral|Qubec|H1J 1C3|Canada|MEREP|Mre Paillarde|""43 rue St. Laurent""|Montral|Qubec|H1J 1C3|Canada|0.0|10618|""1997-08-01 00:00:00""|""1997-09-12 00:00:00""|""1997-08-08 00:00:00""|Speedy Express|56|Gnocchi di nonna Alice|38.0000|20|0.0|760.0|154.6800",,
"Mre Paillarde|""43 rue St. Laurent""|Montral|Qubec|H1J 1C3|Canada|MEREP|Mre Paillarde|""43 rue St. Laurent""|Montral|Qubec|H1J 1C3|Canada|0.0|10618|""1997-08-01 00:00:00""|""1997-09-12 00:00:00""|""1997-08-08 00:00:00""|Speedy Express|68|Scottish Longbreads|12.5000|15|0.0|187.0|154.6800",,
"Frankenversand|Berliner Platz 43|Mnchen||""80805""|Germany|FRANK|Frankenversand|Berliner Platz 43|Mnchen||""80805""|Germany|0.0|10653|""1997-09-02 00:00:00""|""1997-09-30 00:00:00""|""1997-09-19 00:00:00""|Speedy Express|16|Pavlova|17.4500|30|0.0|523.0|93.2500",,
"Frankenversand|Berliner Platz 43|Mnchen||""80805""|Germany|FRANK|Frankenversand|Berliner Platz 43|Mnchen||""80805""|Germany|0.0|10653|""1997-09-02 00:00:00""|""1997-09-30 00:00:00""|""1997-09-19 00:00:00""|Speedy Express|60|Camembert Pierrot|34.0000|20|0.0|680.0|93.2500",,
"France restauration|""54"," rue Royale""|Nantes||""44000""|France|FRANR|France restauration|""54"," rue Royale""|Nantes||""44000""|France|0.0|10671|""1997-09-17 00:00:00""|""1997-10-15 00:00:00""|""1997-09-24 00:00:00""|Speedy Express|16|Pavlova|17.4500|10|0.0|174.0|30.3400"
"France restauration|""54"," rue Royale""|Nantes||""44000""|France|FRANR|France restauration|""54"," rue Royale""|Nantes||""44000""|France|0.0|10671|""1997-09-17 00:00:00""|""1997-10-15 00:00:00""|""1997-09-24 00:00:00""|Speedy Express|62|Tarte au sucre|49.3000|10|0.0|493.0|30.3400"
"France restauration|""54"," rue Royale""|Nantes||""44000""|France|FRANR|France restauration|""54"," rue Royale""|Nantes||""44000""|France|0.0|10671|""1997-09-17 00:00:00""|""1997-10-15 00:00:00""|""1997-09-24 00:00:00""|Speedy Express|65|Louisiana Fiery Hot Pepper Sauce|21.0500|12|0.0|252.0|30.3400"
"Old World Delicatessen|""2743 Bering St.""|Anchorage|AK|""99508""|USA|OLDWO|Old World Delicatessen|""2743 Bering St.""|Anchorage|AK|""99508""|USA|0.0|10680|""1997-09-24 00:00:00""|""1997-10-22 00:00:00""|""1997-09-26 00:00:00""|Speedy Express|16|Pavlova|17.4500|50|0.0|872.0|26.6100",,
"Old World Delicatessen|""2743 Bering St.""|Anchorage|AK|""99508""|USA|OLDWO|Old World Delicatessen|""2743 Bering St.""|Anchorage|AK|""99508""|USA|0.0|10680|""1997-09-24 00:00:00""|""1997-10-22 00:00:00""|""1997-09-26 00:00:00""|Speedy Express|31|Gorgonzola Telino|12.5000|20|0.0|250.0|26.6100",,
"Old World Delicatessen|""2743 Bering St.""|Anchorage|AK|""99508""|USA|OLDWO|Old World Delicatessen|""2743 Bering St.""|Anchorage|AK|""99508""|USA|0.0|10680|""1997-09-24 00:00:00""|""1997-10-22 00:00:00""|""1997-09-26 00:00:00""|Speedy Express|42|Singaporean Hokkien Fried Mee|14.0000|40|0.0|560.0|26.6100",,
Hanari Carnes|Rua do Pao," 67|Rio de Janeiro|RJ|""05454-876""|Brazil|HANAR|Hanari Carnes|Rua do Pao"," 67|Rio de Janeiro|RJ|""05454-876""|Brazil|0.0|10690|""1997-10-02 00:00:00""|""1997-10-30 00:00:00""|""1997-10-03 00:00:00""|Speedy Express|56|Gnocchi di nonna Alice|38.0000|20|0.0|760.0|15.8000"
